"CO_UNIDADE";"CO_CNES";"NU_CNPJ_MANTENEDORA";"TP_PFPJ";"NIVEL_DEP";"NO_RAZAO_SOCIAL";"NO_FANTASIA";"NO_LOGRADOURO";"NU_ENDERECO";"NO_COMPLEMENTO";"NO_BAIRRO";"CO_CEP";"CO_REGIAO_SAUDE";"CO_MICRO_REGIAO";"CO_DISTRITO_SANITARIO";"CO_DISTRITO_ADMINISTRATIVO";"NU_TELEFONE";"NU_FAX";"NO_EMAIL";"NU_CPF";"NU_CNPJ";"CO_ATIVIDADE";"CO_CLIENTELA";"NU_ALVARA";"DT_EXPEDICAO";"TP_ORGAO_EXPEDIDOR";"DT_VAL_LIC_SANI";"TP_LIC_SANI";"TP_UNIDADE";"CO_TURNO_ATENDIMENTO";"CO_ESTADO_GESTOR";"CO_MUNICIPIO_GESTOR";"TO_CHAR(DT_ATUALIZACAO,'DD/MM/YYYY')";"CO_USUARIO";"CO_CPFDIRETORCLN";"REG_DIRETORCLN";"ST_ADESAO_FILANTROP";"CO_MOTIVO_DESAB";"NO_URL";"NU_LATITUDE";"NU_LONGITUDE";"TO_CHAR(DT_ATU_GEO,'DD/MM/YYYY')";"NO_USUARIO_GEO";"CO_NATUREZA_JUR";"TP_ESTAB_SEMPRE_ABERTO";"ST_GERACREDITO_GERENTE_SGIF";"ST_CONEXAO_INTERNET";"CO_TIPO_UNIDADE";"NO_FANTASIA_ABREV";"TP_GESTAO";"TO_CHAR(DT_ATUALIZACAO_ORIGEM,'DD/MM/YYYY')";"CO_TIPO_ESTABELECIMENTO";"CO_ATIVIDADE_PRINCIPAL";"ST_CONTRATO_FORMALIZADO"
"AL0000270550000000000000015318";"2010453";"12332953000136";"3";"3";"PREFEITURA MUNICIPAL DE MURICI";"CONSULTORIO ODONTOLOGICO";"AVENIDA PRESIDENTE VARGAS";"S/N";"";"CAMPO GRANDE";"57820000";"005";"";"";"";"(82)2861368";"(82)2861368";"smsmuricifejal@.com.br";"";"";"04";"02";"07/2001";"18-jun-2001 00:00:00";"2 ";"";"";"22";"03";"27";"270550";"30/07/2003";"luiz carlos";"";"";"";"08";"";"";"";"";"";"1000";"";"";"";"";"";"M";"09/08/2003";"";"";""
"MA00002101251000000000000011273";"2306611";"";"3";"3";"PREFEITURA MUN DE BACABEIRA";"POSTO DE SAUDE GESTRUDES LEOPOLDINA DECA";"AV PRINCIPAL";"S/N";"";"POV JOSE PEDRO";"65103000";"02";"";"";"";"(98)3451755";"";"";"";"";"04";"01";"";"";"";"";"";"01";"03";"21";"210125";"13/09/2001";"elida";"";"";"";"08";"";"";"";"";"";"1000";"";"";"";"";"";"M";"30/10/2001";"";"";""
"MA0000210120000001862880000178";"2460025";"06014351000138";"3";"3";"PREFEITURA MUNICIPAL DE BACABAL";"SERVICO VIGILANCIA SANITARIA";"RUA FILOMENO PARGA";"S/N";"";"CENTRO";"65700000";"17";"";"";"";"(98)6211881";"(98) 6215820";"";"";"01862880000178";"04";"03";"";"";"";"";"";"50";"03";"21";"210120";"19/09/2001";"custodia";"";"";"";"08";"";"";"";"";"";"1000";"";"";"";"";"";"M";"16/08/2005";"";"";""
"MG00030000000000000000000059447";"2098415";"18094797000107";"3";"3";"PREFEITURA MUNICIPAL DE CARANDAI";"AMBULATORIO MUNICIPAL DE CARANDAI";"RUA CLOVIS TEIXEIRA DE CARVALHO";"250";"";"CENTRO";"36280000";"003";"000";"000";"000";"(32)33611481";"(32)33611481";"";"";"";"04";"01";"";"";"1 ";"";"";"04";"06";"31";"311320";"11/08/2001";"bpupo";"";"";"";"08";"";"";"";"";"";"1000";"";"";"";"";"";"M";"30/10/2001";"";"";""
"ES00000000000000000000000008044";"2546841";"27165554000367";"3";"3";"PREFEITURA MUNICIPAL DE VILA VELHA";"POSTO DE SAUDE DO IBES";"PRACA ASSIS CHATEAU BRIAN";"S/N";"";"IBES";"29108630";"0001";"";"";"";"(27)33222901";"";"saude v v @ bol.com.br";"";"";"04";"01";"";"";"";"";"";"01";"03";"32";"320520";"06/03/2002";"penha";"";"";"";"08";"";"";"";"";"";"1000";"";"";"";"";"";"M";"21/03/2002";"";"";""
"MA00000000000000000000000004715";"2464020";"06209936000103";"3";"3";"PREFEITURA MUNICIPAL DE PALMEIRANDIA";"PORAO DO JANUARIO MELO";"POVOADO PORAO DO JANUARIO MELO";"S/N";"";"CENTRO";"65238000";"7";"";"";"";"(98)3871133";"";"";"";"";"04";"01";"";"";"";"";"";"01";"03";"21";"210760";"24/10/2001";"teste";"";"";"";"08";"";"";"";"";"";"1000";"";"";"";"";"";"M";"01/01/9000";"";"";""
"MA00000000000000000000000013668";"2464047";"06209936000103";"3";"3";"PREFEITURA MUNICIPAL DE PALMEIRANDIA";"POSTO DE SAUDE DE CRUZEIROS";"POVOADO CRUZEIROS";"S/N";"";"CENTRO";"65238000";"7";"";"";"";"(98)3871133";"";"";"";"";"04";"01";"";"";"";"";"";"01";"03";"21";"210760";"24/10/2001";"teste";"";"";"";"08";"";"";"";"";"";"1000";"";"";"";"";"";"M";"01/01/9000";"";"";""
"MA00000000000000000000000012505";"2465019";"01612342000125";"3";"3";"PREFEITURA MUNICIPAL DE CENTRAL MA";"POSTO DE SAUDE MONTE CARMO";"POV MONTE CARMO";"S/N";"";"MONTE CARMO";"65267000";"6";"";"";"";"";"";"";"";"";"04";"01";"";"";"";"";"";"01";"03";"21";"210312";"29/09/2001";"teste";"";"";"";"08";"";"";"";"";"";"1000";"";"";"";"";"";"M";"01/01/9000";"";"";""
"MA00000000000000006096218000178";"2452723";"";"3";"1";"PREFEITURA MUNICIPAL DE BENEDITO LEITE";"CENTRO DE SAUDE DEPUTADO LUIS COELHO";"PRACA JOSE SARNEY";"S/N";"";"CENTRO";"65885000";"013";"";"";"";"(98) 544 145";"";"";"";"06096218000178";"04";"01";"";"";"";"";"";"02";"03";"21";"210180";"17/09/2001";"hermes";"";"";"";"08";"";"";"";"";"";"1000";"";"";"";"";"";"M";"01/01/9000";"";"";""
"MA00000000000000000000000011290";"2453258";"01614537000104";"3";"3";"PREFEITURA MUNICIPAL DE ITINGA DO MARANHAO";"POSTO DE SAUDE DE CAJUAPARA";"POVOADO CAJUAPARA";"S/N";"";"POVOADO CAJUAPARA";"65939000";"0010";"";"";"";"(98)98531412";"";"";"";"";"04";"";"";"";"";"";"";"01";"03";"21";"210542";"05/11/2001";"geildo";"";"";"";"08";"";"";"";"";"";"1000";"";"";"";"";"";"M";"01/01/9000";"";"";""
"MA00002109809000000000000012963";"2454165";"06226583000150";"3";"3";"PREFEITURA DE SANTA HELENA";"PS DE ARMINDIO";"POVOADO ARMINDIO";"S/N";"";"ARMINDIO";"65208000";"06";"";"";"";"(98)3821266";"(98)3821259";"";"";"";"04";"01";"020";"19-jul-2001 00:00:00";"2 ";"";"";"01";"03";"21";"210980";"23/08/2001";"junior";"";"";"";"08";"";"";"";"";"";"1000";"";"";"";"";"";"M";"05/11/2003";"";"";""
"MA00000000000000000000000113948";"2461145";"06101117000148";"3";"3";"PREFEITURA MUNICIPAL GOVERNADOR EUGENIO BARROS";"DEPARTAMENTO DE VIGILANCIA SANITARIA E CONTROLE DE ZOONOSE";"RUA 12 DE OUTUBRO";"S/N";"";"CENTRO";"65780000";"14";"";"";"";"(98)5641207";"";"";"";"";"04";"01";"";"";"";"";"";"50";"03";"21";"210460";"25/09/2001";"teste";"";"";"";"08";"";"";"";"";"";"1000";"";"";"";"";"";"M";"16/08/2005";"";"";""
"MA00000000000000000000000018376";"2461536";"06096853000155";"3";"3";"PREFEITURA MUNICIPAL DE ALDEIAS ALTAS";"POSTO DE SAUDE DR DOUVER SANTOS";"POVOADO CRIORY II";"S/N";"";"POVOADO CRIORY II";"65610000";"18";"";"";"";"(98)5631220";"";"";"";"";"04";"01";"";"";"";"";"";"01";"03";"21";"210030";"29/09/2001";"teste";"";"";"";"08";"";"";"";"";"";"1000";"";"";"";"";"";"M";"01/01/9000";"";"";""
"RO00000000000000099990010000189";"2497506";"05893631000109";"3";"3";"PREFEITURA MUNICIPAL DE GUAJARA MIRIM";"PS DELTA OLIVEIRA MARTINS GUAJARA MIRIM";"AV 8 DE DEZEMBRO";"6117";"";"JD ESMERALDAS";"78957000";"";"";"";"";"";"";"";"";"";"04";"01";"";"";"";"";"";"01";"03";"11";"110010";"21/01/2002";"caio";"";"";"";"08";"";"";"";"";"";"1000";"";"";"";"";"";"M";"30/01/2002";"";"";""
"RO00000000000000099990010000197";"2497581";"04632212000142";"3";"3";"PREFEITURA MUNICIPAL DE PRESIDENTE MEDICI";"POSTO DE SAUDE SAO FRANCISCO PRESIDENTE MEDICI";"LINHA 7 SETOR LEITAO";"S/N";"";"ZONA RURAL";"78968000";"";"";"";"";"";"";"";"";"";"04";"01";"";"";"";"";"";"01";"03";"11";"110025";"29/12/2001";"caio";"";"";"";"08";"";"";"";"";"";"1000";"";"";"";"";"";"M";"30/01/2002";"";"";""
"RO00000000000000099990010000200";"2497611";"04632212000142";"3";"3";"PREFEITURA MUNICIPAL DE PRESIDENTE MEDICI";"CSD ESTRELA DE RONDONIA PRESIDENTE MEDICI";"DISTRITO ESTRELA DE RONDONIA";"S/N";"";"ZONA RURAL";"78968000";"";"";"";"";"";"";"";"";"";"04";"01";"";"";"";"";"";"01";"03";"11";"110025";"02/01/2002";"caio";"";"";"";"08";"";"";"";"";"";"1000";"";"";"";"";"";"M";"30/01/2002";"";"";""
"GO00000000000000000000001234567";"2343517";"25107657000183";"3";"3";"PREFEITURA MUNICIPAL DE TURVELANDIA";"CENTRO DE SAUDE DE TURVELANDIA";"R MARIA MOREIRA DO NASCIMENTO";"S/N";"QD 04 LT 09";"CENTRO";"75970000";"15";"";"";"";"(62)6421118";"(62)6421143";"";"";"";"04";"03";"";"";"";"";"";"01";"03";"52";"522155";"23/11/2001";"relton";"";"";"";"08";"";"";"";"";"";"1000";"";"";"";"";"";"S";"30/10/2001";"";"";""
"AP00000000000000099990010000004";"2021323";"34925214000190";"3";"3";"PREFEITURA MUNICIPAL DE ITAUBAL";"PM ITAUBAL POSTO DE SAUDE JUPATI";"IGARAPE JUPATI";"01";"";"AREA RURAL";"68976000";"001";"";"";"";"(96)3241229";"";"";"";"";"04";"01";"";"";"";"";"";"01";"03";"16";"160025";"14/10/2002";"angela";"";"";"";"08";"";"";"";"";"";"1000";"";"";"";"";"";"M";"01/11/2001";"";"";""
"RR00000000000000099990010000008";"2319713";"01614081000182";"3";"3";"PREFEITURA MUNICIPAL DE AMAJARI";"PSF UNIDADE DE SAUDE DA FAMILIA";"RUA JOSE PEREIRA DA SILVA";"S/N";"";"CENTRO";"69343000";"";"";"";"";"";"";"";"";"";"04";"01";"";"";"";"";"";"02";"03";"14";"140002";"27/06/2002";"eneide matos";"";"";"";"08";"";"";"";"";"";"1000";"";"";"";"";"";"M";"30/10/2001";"";"";""
"CE00000000000000000000000017230";"2664518";"07726540000104";"3";"3";"PREFEITURA MUNICIPAL DE PEDRA BRANCA";"UNIDADE BASICA SAO JOSE";"SITIO SAO JOSE";"S/N";"";"SAO JOSE";"63630000";"0008";"";"";"";"(88)5151061";"(88)5151061";"";"";"";"04";"01";"002/2001";"10-mar-2001 00:00:00";"2 ";"";"";"01";"03";"23";"231050";"18/11/2002";"sesa";"";"";"";"08";"";"";"";"";"";"1000";"";"";"";"";"";"M";"08/04/2003";"";"";""
"MA00002109809000000000000012904";"2454114";"06226583000150";"3";"3";"PREFEITURA DE SANTA HELENA";"PS DE MANGABEIRA";"POVOADO MANGABEIRA";"S/N";"";"MANGABEIRA";"65208000";"06";"";"";"";"(98)3821266";"(98)3821259";"";"";"";"04";"01";"016";"19-jul-2001 00:00:00";"2 ";"";"";"01";"03";"21";"210980";"23/08/2001";"junior";"";"";"";"08";"";"";"";"";"";"1000";"";"";"";"";"";"M";"05/11/2003";"";"";""
"RR00000000000000099990010010015";"2657090";"01612682000156";"3";"3";"PREFEITURA MUNICIPAL DO CANTA";"POSTO DE DIAGNOSTICO DE MALARIA";"CANTA";"S/N";"";"CENTRO";"69390000";"";"";"";"";"";"";"";"";"";"04";"01";"";"";"";"";"";"01";"03";"14";"140017";"21/05/2002";"eneide matos";"";"";"";"08";"";"";"";"";"";"1000";"";"";"";"";"";"M";"10/02/2003";"";"";""
"PB0000250400000000000000010804";"2812878";"24513574000121";"3";"3";"PREFEITURA MUNICIPAL DE CAMPINA GRANDE";"POSTO DE SAUDE HORACINA ALMEIDA";"RUA SAO LUIS";"28";"";"MAONTE CASTELO";"58103510";"3";"";"4";"";"";"";"pmcg@cgnet.com.br";"";"";"04";"02";"";"";"2 ";"";"";"01";"03";"25";"250400";"30/09/2002";"auditoria";"";"";"";"08";"";"";"";"";"";"1000";"";"";"";"";"";"M";"29/09/2003";"";"";""
"MA00002109809000000000000012998";"2454203";"06226583000150";"3";"3";"PREFEITURA DE SANTA HELENA";"PS DE BOM QUE DOI";"POVOADO BOM QUE DOI";"S/N";"";"BOM QUE DOI";"65208000";"06";"";"";"";"(98)3821266";"(98)3821259";"";"";"";"04";"01";"021";"19-jul-2001 00:00:00";"2 ";"";"";"01";"03";"21";"210980";"23/08/2001";"junior";"";"";"";"08";"";"";"";"";"";"1000";"";"";"";"";"";"M";"05/11/2003";"";"";""
"RJ0000330360000099990010000004";"2279479";"29138294000528";"3";"3";"SECRETARIA MUNICIPAL DE SAUDE DE PARACAMBI";"SERVICOS RADIOLOGICOS MUNICIPAL";"AVENIDA DOS OPERARIOS";"186";"";"CENTRO";"26600000";"";"";"";"";"(21)26832587";"(21)26832587";"";"";"";"04";"01";"";"";"";"";"";"39";"03";"33";"330360";"18/10/2001";"odilon";"";"";"";"08";"";"";"";"";"";"1000";"";"";"";"";"";"M";"21/03/2002";"";"";""
"MG0000312490000000000000161748";"2195291";"17947656000119";"3";"3";"PREFEITURA MUNICIPAL DE EUGENOPOLIS";"PSF JOAO DA CRUZ REIS";"RUA MAESTRO ABIGAIL DE MOURA";"S/N";"";"CENTRO";"36855000";"18";"";"";"";"(32)37241133";"(32)37241231";"";"";"";"04";"01";"";"";"";"";"";"02";"03";"31";"312490";"02/09/2002";"rosangela";"";"";"";"08";"";"";"";"";"";"1000";"";"";"";"";"";"M";"07/10/2002";"";"";""
"RJ0000330040000000000000033634";"2289105";"28695658000184";"3";"3";"SECRETARIA MUNICIPAL DE SAUDE DE BARRA MANSA";"CONS ODONTOLOGICO COL MUN INDEPENDENCIA E LUZ";"RUA QUATRO";"143";"";"VALE DO PARAIBA";"27350000";"10";"";"";"";"(24)33229192";"(24)33227432";"fmsbm@uol.com.br";"";"";"04";"01";"";"";"";"";"";"22";"03";"33";"330040";"21/08/2001";"bebeto";"";"";"";"08";"";"";"";"";"";"1000";"";"";"";"";"";"M";"02/09/2002";"";"";""
"RJ0000330580000000000000058963";"2292483";"29138369000732";"3";"3";"SECRETARIA MUNICIPAL DE SAUDE";"UNIDADE BASICA DE SAUDE DE AGUA QUENTE";"ESTRADA RIO BAHIA";"S/N";"2 DISTRITO";"AGUA QUENTE";"25953000";"";"";"";"";"(21)27420366";"(21)27420198";"secsaudetere@uol.com.br";"";"";"04";"03";"";"";"";"";"";"02";"03";"33";"330580";"16/05/2002";"planejamento";"";"";"";"08";"";"";"";"";"";"1000";"";"";"";"";"";"M";"02/09/2002";"";"";""
"AP00000000000000099990060000012";"2022168";"23086176000103";"3";"3";"SECRETARIA DE ESTADO DA SAUDE";"SES AP POSTO DE SAUDE RECREIO DO RIO PRETO";"COMUNIDADE DO RIO PRETO";"S/N";"";"C RIO PRETO";"68940000";"001";"";"";"";"(96)2711102";"";"";"";"";"03";"01";"";"";"";"";"";"01";"03";"16";"160040";"22/05/2002";"eneida";"";"";"";"08";"";"";"";"";"";"1000";"";"";"";"";"";"M";"13/06/2002";"";"";""
"MG00170000000000099990030000013";"2210401";"18404947000123";"3";"3";"PSF OURO VERDE DE MINAS";"PSF OURO VERDE DE MINAS";"RUA 15 DE JANEIRO";"S/N";"";"CENTRO";"39855000";"0017";"";"";"";"(  )";"";"ourocarlos@uol.com.br";"";"";"04";"02";"";"";"";"";"";"02";"03";"31";"314620";"20/05/2003";"rolex";"";"";"";"08";"";"";"";"";"";"1000";"";"";"";"";"";"M";"23/12/2002";"";"";""
"MG00040000000000099990010000009";"2133911";"17700758000135";"3";"3";"PREFEITURA MUNICIPAL DE BERILO";"CLINICA ODONTOLOGICA";"RUA GERALDO RAIMUNDO AMARAL";"S/N";"";"CENTRO";"39640000";"";"";"";"";"";"";"";"";"";"04";"01";"";"";"";"";"";"02";"02";"31";"310650";"12/11/2002";"leao";"";"";"";"08";"";"";"";"";"";"1000";"";"";"";"";"";"M";"12/03/2002";"";"";""
"RR00000000000000000000000000817";"2798417";"04056206000194";"3";"3";"PREFEITURA MUNICIPAL DE ALTO ALEGRE";"POSTO DE SAUDE MALOCA DO TRUARU";"RUA PRINCIPAL";"S/N";"";"CENTRO";"69350000";"";"";"";"";"";"";"";"";"";"04";"01";"";"";"";"";"";"01";"03";"14";"140005";"31/08/2003";"ENEIDE MATOS";"";"";"";"08";"";"";"";"";"";"1000";"";"";"";"";"";"M";"20/09/2003";"";"";""
"MG00003135209000000000000038946";"2104245";"21461546000110";"3";"3";"PREFEITURA MUNICIPAL DE JANUARIA";"POSTO DE SAUDE VARZEA BONITA";"VARZEA BONITA";"S/N";"";"ZONA RURAL";"39480000";"0006";"";"";"";"(38)36211759";"(  )";"";"";"";"04";"03";"187/97";"18-jun-1997 00:00:00";"1 ";"";"";"01";"03";"31";"313520";"16/11/2002";"drs";"";"";"";"08";"";"";"";"";"";"1000";"";"";"";"";"";"M";"30/10/2001";"";"";""
"GO00000000000000000000000005471";"2333961";"01763606000141";"3";"3";"PREFEITURA MUNICIPAL DE IPAMERI";"UTI MOVEL";"CENTRO 1";"S/N";"";"CENTRO";"75780000";"8";"";"";"";"(62)4911807";"";"";"";"";"04";"03";"";"";"";"";"";"40";"06";"52";"521010";"14/09/2001";"relton";"";"";"";"08";"";"";"";"";"";"1000";"";"";"";"";"";"S";"30/10/2001";"";"";""
"MT00090000000000000000000000817";"2393174";"03507498000171";"3";"3";"PREFEITURA MUNICIPAL DE ARIPUANA";"UNIDADE MOVEL DE ARIPUANA";"RUA DOS EDIS";"S/N";"";"MODULO 02";"78325000";"009";"";"";"";"(65)05651177";"";"";"";"";"04";"03";"";"";"";"";"";"40";"03";"51";"510140";"19/09/2002";"leda";"";"";"";"08";"";"";"";"";"";"1000";"";"";"";"";"";"M";"19/11/2001";"";"";""
"GO00000000000000000000000025747";"2342103";"01740455000106";"3";"3";"PREFEITURA MUNICIPAL DE ALTO PARAISO";"POSTO DE SAUDE DA FRATERNIDADE";"CIDADE DA FRATERNIDADE";"S/N";"";"ZONA RURAL";"73770000";"2";"";"";"";"(61)6461335";"(61)6461450";"";"";"";"04";"03";"";"";"";"";"";"01";"03";"52";"520060";"25/04/2003";"relton";"";"";"";"08";"";"";"";"";"";"1000";"";"";"";"";"";"M";"30/10/2001";"";"";""
"GO00000000000000000000000037184";"2342146";"01740455000106";"3";"3";"PREFEITURA MUNICIPAL DE ALTO PARAISO";"CENTRO DE ASSISTENCIA A SAUDE BUCAL DO ESCOLAR CASBE";"RUA PALIPALA";"04";"QDA 18";"PARAISO VELHO";"73770000";"2";"";"";"";"(61)6461103";"(61)6461450";"";"";"";"04";"03";"";"";"";"";"";"22";"03";"52";"520060";"25/04/2003";"relton";"";"";"";"08";"";"";"";"";"";"1000";"";"";"";"";"";"M";"30/10/2001";"";"";""
"MA00000000000000000000000117374";"2464411";"01612333000134";"3";"3";"PREFEITURA MUNICIPAL DE SAO DOMINGOS DO AZEITAO";"POSTO DE SAUDE SAO MIGUEL";"RUA PRINCIPAL";"S/N";"";"CENTRO";"65888000";"13";"";"";"";"(98)5451067";"";"";"";"";"04";"01";"";"";"";"";"";"01";"03";"21";"211065";"27/09/2002";"sesma";"";"";"";"08";"";"";"";"";"";"1000";"";"";"";"";"";"M";"01/01/9000";"";"";""
"BA00002914802000000000001538640";"2470403";"14626758000144";"3";"3";"SECRETARIA ESTADUAL DE SAUDE DA BAHIA SESAB";"LAB REG DE ITABUNA";"RUA AIRES DE ALMEIDA";"29";"";"PONTALZINHO";"45600000";"7ª";"";"";"";"";"";"";"";"";"04";"03";"";"";"";"";"";"39";"03";"29";"291480";"07/03/2002";"sesab";"";"";"";"08";"";"";"";"";"";"1000";"";"";"";"";"";"E";"01/01/9000";"";"";""
"RO00000000000000000000000002020";"2517612";"05893631000109";"3";"3";"PREFEITURA MUNICIPAL DE GUAJARA MIRIM";"PS ALTAMIRO BARROSO GUAJARA MIRIM";"AV DR LEWERGER";"4734";"";"LIBERDADE";"78957000";"";"";"";"";"";"";"";"";"05893631000281";"04";"01";"S/N";"31-mar-2001 00:00:00";"2 ";"";"";"01";"03";"11";"110010";"14/07/2003";"carlos";"";"";"";"08";"";"";"";"";"";"1000";"";"";"";"";"";"M";"09/08/2003";"";"";""
"2311302565420";"2565420";"23444748000189";"3";"3";"PREFEITURA MUCICIPAL DE QUIXADA";"POSTO DE SAUDE DE GUARUJA";"SEDE DO GUARUJA";"S/N";"ZONA RURAL";"TAPUIARA";"63900000";"8ª";"";"";"";"(08)84121109";"";"";"";"";"04";"01";"0180/01";"30-abr-2001 00:00:00";"2 ";"";"";"01";"02";"23";"231130";"08/12/2001";"selene";"";"";"";"08";"";"";"";"";"";"1000";"";"";"";"";"";"E";"08/05/2002";"";"";""
"CE0000231290000000000000047929";"2424231";"07598634000137";"3";"3";"PREFEITURA MUNICIPAL DE SOBRAL";"PSF TERCEIRO BATALHAO";"RUA FREDERICO GOMES";"1030";"";"CENTRO";"62011000";"0011";"";"";"";"(88)6115895";"";"";"";"";"04";"03";"346";"12-jul-2001 00:00:00";"2 ";"";"";"02";"03";"23";"231290";"05/09/2002";"sesa";"";"";"";"08";"";"";"";"";"";"1000";"";"";"";"";"";"M";"28/04/2004";"";"";""
"ES00000000000000000000000003930";"2449013";"31796626000180";"3";"3";"PREFEITURA MUNICIPAL DE AGUA DOCE DO NORTE";"UNIDADE DE SAUDE DA FAMILIA SANTO AGOSTINHO";"RUA PRINCIPAL";"S/N";"";"SANTO AGOSTINHO";"29780000";"0003";"";"";"";"(27)37591140";"(27)37591122";"sms.adn@escelsa.com.br";"";"";"04";"";"";"";"";"";"";"02";"03";"32";"320470";"29/11/2001";"luciano g b";"";"";"";"08";"";"";"";"";"";"1000";"";"";"";"";"";"D";"28/04/2004";"";"";""
"MA00000000000000000000000118192";"2530252";"01612539000164";"3";"3";"PREFEITURA MUNICIPAL DE ARGUANA";"CLINICA DE FISIOTERAPIA E REABILITACAO DE ARAGUANA";"AVENIDA MAJOR SILVA FILHO";"874";"";"CENTRO";"65368000";"009";"";"";"";"";"";"";"";"";"04";"01";"";"";"";"";"";"36";"03";"21";"210087";"26/02/2002";"geildo";"";"";"";"08";"";"";"";"";"";"1000";"";"";"";"";"";"E";"12/03/2002";"";"";""
"MA00000000000000000000000115916";"2532077";"63441836000141";"3";"3";"PREFEITURA MUNICIPAL DE SANTA RITA";"POSTO DE SAUDE SITIO DO MEIO";"POVOADO SITIO DO MEIO";"S/N";"";"CENTRO";"65105000";"0002";"";"";"";"(98) 4511406";"";"";"";"";"04";"01";"";"";"";"";"";"01";"03";"21";"211020";"05/03/2002";"geildo";"";"";"";"08";"";"";"";"";"";"1000";"";"";"";"";"";"M";"12/03/2002";"";"";""
"MA00002109809000000000000013013";"2454157";"06226583000150";"3";"3";"PREFEITURA DE SANTA HELENA";"PS DE SAO BENEDITO DA ROCA";"POVOADO SAO BENEDITO DA ROCA";"S/N";"";"SAO BENEDITO DA ROCA";"65208000";"06";"";"";"";"(98)3821266";"(98)3821259";"";"";"";"04";"01";"023";"20-jul-2001 00:00:00";"2 ";"";"";"01";"03";"21";"210980";"23/08/2001";"junior";"";"";"";"08";"";"";"";"";"";"1000";"";"";"";"";"";"M";"05/11/2003";"";"";""
"2311302565285";"2565285";"23444748000189";"3";"3";"PREFEITURA MUNICIPAL DE QUIXADA";"POSTO DE SAUDE NICODEMOS PEREIRA DE SOUSA";"LAGOA NOVA";"S/N";"ZONA RURAL";"LAGOA NOVA";"63900000";"0008";"";"";"";"";"";"";"";"";"04";"01";"191/2001";"30-abr-2001 00:00:00";"2 ";"";"";"01";"02";"23";"231130";"08/12/2001";"selene";"";"";"";"08";"";"";"";"";"";"1000";"";"";"";"";"";"M";"08/05/2002";"";"";""
"2311302565307";"2565307";"23444748000189";"3";"3";"PREFEITURA MUNICIPAL DE QUIXADA";"POSTO DE SAUDE DE LAGOA DA PEDRA";"VILA DA LAGOA DA PEDRA";"S/N";"ZON RURAL";"VARZEA DA ONCA";"63900000";"0008";"";"";"";"(88)4121109";"";"";"";"";"04";"01";"18201";"30-abr-2001 00:00:00";"2 ";"";"";"01";"02";"23";"231130";"08/12/2001";"selene";"";"";"";"08";"";"";"";"";"";"1000";"";"";"";"";"";"M";"08/05/2002";"";"";""
"2311302565358";"2565358";"23444748000189";"3";"3";"PREFEITURA MUNICIPAL DE QUIXADA";"POSTO DE SAUDE JOSE DE ALENCAR DE MACEDO";"FAZENDA SAQUINHOS";"S/N";"ZONA RURAL";"DANIEL DE QUEIROZ";"63900000";"0008";"";"";"";"";"";"";"";"";"04";"01";"192/01";"30-abr-2001 00:00:00";"2 ";"";"";"01";"01";"23";"231130";"23/04/2002";"sesa";"";"";"";"08";"";"";"";"";"";"1000";"";"";"";"";"";"M";"08/05/2002";"";"";""
"2311302565374";"2565374";"23444748000189";"3";"3";"PREFEITURA MUNICIPAL DE QUIXADA";"POSTO DE SAUDE FRANCISCO ENEAS DE LIMA";"RUA EMIPIDIO CORREIA LIMA";"1163";"ZONA RURAL";"DOM MAURICIO";"63900000";"0008";"";"";"";"(84)122183";"";"";"";"";"04";"01";"181/20001";"30-abr-2001 00:00:00";"2 ";"";"";"01";"03";"23";"231130";"08/12/2001";"selene";"";"";"";"08";"";"";"";"";"";"1000";"";"";"";"";"";"M";"08/05/2002";"";"";""
"AP00000000000000099990010000005";"2021331";"34925214000190";"3";"3";"PREFEITURA MUNICIPAL DE ITAUBAL";"PM ITAUBAL POSTO DE SAUDE SAO TOME DO MACACOARI";"SAO TOME DO MACACOARI";"01";"";"AREA RURAL";"68976000";"001";"";"";"";"(96)3241229";"";"";"";"";"04";"01";"";"";"";"";"";"01";"03";"16";"160025";"14/10/2002";"angela";"";"";"";"08";"";"";"";"";"";"1000";"";"";"";"";"";"M";"01/11/2001";"";"";""
"2311302565919";"2565919";"23444748000189";"3";"3";"PREFEITURA MUNICIPAL DE QUIXADA";"FUNDACAO DE APOIO AO ESTUDANTE FAE";"RUA BASILIO PINTO";"S/N";"ZONA URBANA";"COMBATE";"63900000";"0008";"";"";"";"";"";"";"";"";"04";"01";"0173/01";"30-abr-2001 00:00:00";"2 ";"";"";"22";"04";"23";"231130";"25/11/2002";"sesa";"";"";"";"08";"";"";"";"";"";"1000";"";"";"";"";"";"M";"08/05/2002";"";"";""
"RR00000000000000000000000001147";"2566230";"01612681000101";"3";"3";"PREFEITURA MUNICIPAL DE UIRAMUTA";"POSTO DE SAUDE AGUA FRIA";"RUA PRINCIPAL";"S/N";"";"CENTRO";"69358000";"";"";"";"";"";"";"";"";"";"04";"01";"";"";"";"";"";"01";"03";"14";"140070";"05/12/2002";"eneide matos";"";"";"";"08";"";"";"";"";"";"1000";"";"";"";"";"";"M";"08/05/2002";"";"";""
"2311302565293";"2565293";"23444748000189";"3";"3";"PREFEITURA MUNICIPAL DE QUIXADA";"POSTO DE SAUDE LUIZ FIRMINO RABELO";"VILA DOS VERTENTES";"S/N";"ZONA RURAL";"VERTENTES";"63900000";"0008";"";"";"";"";"";"";"";"";"04";"01";"183/2001";"30-abr-2001 00:00:00";"2 ";"";"";"01";"02";"23";"231130";"08/12/2001";"selene";"";"";"";"08";"";"";"";"";"";"1000";"";"";"";"";"";"M";"08/05/2002";"";"";""
"2311302565331";"2565331";"23444748000189";"3";"3";"PREFEITURA MUNICIPAL DE QUIXADA";"POSTO DE SAUDE FRANCISCO BARROCAS FILHO";"FAZENDA ALTO ALEGRE";"S/N";"ZONA RURAL";"ALTO ALEGRE";"63900000";"0008";"";"";"";"(88)4127001";"";"";"";"";"04";"01";"199/01";"10-mai-2001 00:00:00";"2 ";"";"";"01";"02";"23";"231130";"08/12/2001";"selene";"";"";"";"08";"";"";"";"";"";"1000";"";"";"";"";"";"M";"08/05/2002";"";"";""
"2311302565757";"2565757";"23444748000189";"3";"3";"PREFEITURA MUNICIPAL DE QUIXADA";"POSTO DE SAUDE JOSE DE ALMEIDA";"VILA SAO BERNARDO";"S/N";"ZONA RURAL";"SAO BERNARDO";"63900000";"0008";"";"";"";"(88)4122700";"";"";"";"";"04";"03";"178/01";"30-abr-2001 00:00:00";"2 ";"";"";"01";"03";"23";"231130";"08/12/2001";"selene";"";"";"";"08";"";"";"";"";"";"1000";"";"";"";"";"";"M";"08/05/2002";"";"";""
"2311302565900";"2565900";"23444748000189";"3";"3";"PREFEITURA MUNICIPAL DE QUIXADA";"CENTRO ODONTOLOGICO DE QUIXADA";"RUA EPITACIO PESSOA";"";"ZONA URBANA";"CENTRO";"63900000";"0008";"";"";"";"(88)4124004";"";"";"";"";"04";"01";"166/2001";"30-abr-2001 00:00:00";"2 ";"";"";"22";"04";"23";"231130";"23/04/2002";"sesa";"";"";"";"08";"";"";"";"";"";"1000";"";"";"";"";"";"M";"08/05/2002";"";"";""
"MG0000312710000000000000083798";"2181231";"18449132000160";"3";"3";"PREFEITURA MUNICIPAL DE FRUTAL";"BANCO DE SANGUE DE FRUTAL";"RUA ANTONIO DE PAULA";"160";"";"CENTRO";"38200000";"0013";"";"";"";"(34)34213426";"(34)34219114";"smph-scaa@knet.com.br";"";"";"04";"02";"019/01";"04-jul-2001 00:00:00";"2 ";"";"";"39";"04";"31";"312710";"04/03/2002";"mary lane";"";"";"";"08";"";"";"";"";"";"1000";"";"";"";"";"";"M";"22/07/2002";"";"";""
"MG0000312710000000000000106259";"2181304";"18449132000160";"3";"3";"PREFEITURA MUNICIPAL DE FRUTAL";"CENTRO COMUNITARIO NOSSA SENHORA APARECIDA";"RUA UBERABA";"529";"";"N SRA APARECIDA";"38200000";"0013";"";"";"";"(34)34212871";"(34)34219114";"smph-scaa@knet.com.br";"";"";"04";"01";"";"";"";"";"";"22";"04";"31";"312710";"26/09/2001";"mary lane";"";"";"";"08";"";"";"";"";"";"1000";"";"";"";"";"";"M";"22/07/2002";"";"";""
"RO00000000000000099990010000199";"2516608";"";"3";"3";"PREFEITURA MUNICIPAL DE GUAJARA MIRIM";"PS FRANCISCA EUNICE MACIEL GUAJARA MIRIM";"AVENIDA GUAPORE";"835";"";"PLANALTO";"78957000";"";"";"";"";"";"";"";"";"";"04";"01";"S/N";"31-mar-2001 00:00:00";"2 ";"";"";"01";"03";"11";"110010";"02/01/2002";"caio";"";"";"";"08";"";"";"";"";"";"1000";"";"";"";"";"";"M";"12/03/2002";"";"";""
"MA00000000000000000000000018368";"2461544";"06096853000155";"3";"3";"PREFEITURA MUNICIPAL DE ALDEIAS ALTAS";"POSTO MEDICO NENEN LOPES";"POVOADO SANTO ANTONIO";"S/N";"";"POV SANTO ANTONIO";"65610000";"18";"";"";"";"(98)5631220";"";"";"";"";"04";"01";"";"";"";"";"";"01";"03";"21";"210030";"29/09/2001";"teste";"";"";"";"08";"";"";"";"";"";"1000";"";"";"";"";"";"M";"01/01/9000";"";"";""
"AP00000000000000099990020000042";"2021579";"84413400000119";"3";"3";"ASSOCIACAO DOS POVOS INDIGENAS DO OIAPOQUE";"APIO POSTO DE SAUDE DO FLEXA";"MARGEM DIRETA RIO UACA";"S/N";"";"FLEXA";"68980000";"001";"";"";"";"(96)5211101";"";"";"";"";"04";"01";"";"";"";"";"";"01";"03";"16";"160050";"09/10/2002";"nilza";"";"";"";"08";"";"";"";"";"";"1000";"";"";"";"";"";"M";"09/11/2001";"";"";""
"AP00000000000000099990010000006";"2021390";"05995766000177";"3";"3";"PREFEITURA MUNICIPAL DE MACAPA";"PM MACAPA POSTO DE SAUDE FOZ DO MACACOARI";"MACACOARI BAILIQUE";"01";"";"MACACOARI";"68912350";"001";"";"";"";"(96)2131109";"(96)2131009";"";"";"";"04";"01";"";"";"";"";"";"01";"03";"16";"160030";"09/10/2002";"eladia";"";"";"";"08";"";"";"";"";"";"1000";"";"";"";"";"";"M";"09/11/2001";"";"";""
"RO00000000000000099990010000188";"2497492";"05893631000109";"3";"3";"PREFEITURA MUNICIPAL DE GUAJARA MIRIM";"HEMONUCLEO DE GUAJARA MIRIM GUAJARA MIRIM";"AV MARECHAL DEODORO";"S/N";"";"CENTRO";"78957000";"";"";"";"";"(69)5412661";"";"";"";"";"04";"02";"";"";"";"";"";"39";"06";"11";"110010";"26/01/2002";"caio";"";"";"";"08";"";"";"";"";"";"1000";"";"";"";"";"";"M";"30/01/2002";"";"";""
"RO00000000000000099990010000196";"2497573";"04632212000142";"3";"3";"PREFEITURA MUNICIPAL DE PRESIDENTE MEDICI";"POSTO DE SAUDE CRISTO REI PRESIDENTE MEDICI";"LINHA 132";"S/N";"";"ZONA RURAL";"78968000";"";"";"";"";"";"";"";"";"";"04";"01";"";"";"";"";"";"01";"03";"11";"110025";"29/12/2001";"caio";"";"";"";"08";"";"";"";"";"";"1000";"";"";"";"";"";"M";"30/01/2002";"";"";""
"RO00000000000000099990010000198";"2497603";"04632212000142";"3";"3";"PREFEITURA MUNICIPAL DE PRESIDENTE MEDICI";"POSTO DE SAUDE SANTA SOFIA PRESIDENTE MEDICI";"LINHA 110";"S/N";"";"ZONA RURAL";"78968000";"";"";"";"";"";"";"";"";"";"04";"01";"";"";"";"";"";"01";"03";"11";"110025";"29/12/2001";"caio";"";"";"";"08";"";"";"";"";"";"1000";"";"";"";"";"";"M";"30/01/2002";"";"";""
"CE00000000000000099990020000006";"2499312";"07655277000100";"3";"3";"ASSOCIACAO DE PROT A MAT E A INFANCIA DE MILAGRES";"HOSPITAL E MATERNIDADE NOSSA SENHORA DOS MILAGRES";"RUA PRAC DO CENTENARIO";"S/N";"";"CENTRO";"63250000";"0019";"";"";"";"(88)553 1161";"";"";"";"";"04";"01";"";"";"";"";"";"05";"06";"23";"230830";"17/05/2002";"sesa";"";"";"";"08";"";"";"";"";"";"1000";"";"";"";"";"";"S";"06/02/2002";"";"";""
"MG0000311800000022588461000160";"2139006";"";"3";"1";"FUNDACAO MUNICIPAL DE SAUD DE CONGONHAS";"POSTO DE SAUDE PLATAFORMA";"VILA PLATAFORMA";"S/N";"";"VILA MARQUES";"36404000";"03";"";"";"";"(31)37371950";"";"";"";"22588461000160";"04";"01";"157/03/2000";"06-dez-2000 00:00:00";"1 ";"";"";"01";"03";"31";"311800";"16/02/2002";"silvia";"";"";"";"08";"";"";"";"";"";"1000";"";"";"";"";"";"M";"12/03/2002";"";"";""
"MA00000000000000000000000000035";"2453266";"01614537000104";"3";"3";"PREFEITURA MINICIPAL DE ITINGA DO MARANHAO";"CENTRO DE SAUDE DE ITINGA DO MARANHAO";"RUA JOSE SARNEY";"41";"";"CENTRO";"65939000";"010";"";"";"";"(98)5314128";"";"";"";"";"04";"01";"";"";"";"";"";"02";"03";"21";"210542";"23/09/2001";"teste";"";"";"";"08";"";"";"";"";"";"1000";"";"";"";"";"";"M";"01/01/9000";"";"";""
"CE00000000000000000000000018970";"2527111";"07539273000158";"3";"3";"PREFEITURA MUNICIPAL DE VARZEA ALEGRE";"CENTRO DE ASSISTENCIA A SAUDE DA FAMILIA";"RUA FIGUEIREDO CORREIA";"261";"";"CENTRO";"62590000";"";"";"";"";"(88)667 1357";"";"";"";"";"04";"03";"";"";"";"";"";"02";"03";"23";"230655";"01/03/2002";"georgia";"";"";"";"08";"";"";"";"";"";"1000";"";"";"";"";"";"S";"12/03/2002";"";"";""
"MA00000000000000000000000010200";"2461587";"06096853000155";"3";"3";"PREFEITURA MUNICIPAL DE ALDEIAS ALTAS";"CENTRO DE SAUDE DE ALDEIAS ALTAS UNIDADE BASICA";"AV JOAO ROSA";"S/N";"";"CENTRO";"65610000";"18";"";"";"";"(98)5631220";"";"";"";"";"04";"01";"";"";"";"";"";"02";"03";"21";"210030";"29/10/2002";"sesma";"";"";"";"08";"";"";"";"";"";"1000";"";"";"";"";"";"E";"01/01/9000";"";"";""
"RR00000000000000000000000002666";"2589907";"04653408000113";"3";"3";"PREFEITURA MUNICIPAL DE CARACARAI";"P S F RURAL";"RUA PRINCIPAL";"S/N";"";"CENTRO";"69360000";"";"";"";"";"";"";"";"";"";"04";"01";"";"";"";"";"";"02";"03";"14";"140020";"23/04/2002";"eneide matos";"";"";"";"08";"";"";"";"";"";"1000";"";"";"";"";"";"M";"22/05/2002";"";"";""
"CE0070000000000000000000000616";"2372762";"07528292000189";"3";"3";"MATERNIDADE JOAO MOREIRA";"MATERNIDADE JOAO MOREIRA";"LOCALIDADE DE CAETANO";"S/N";"";"ZONA RURAL";"62840000";"007";"";"0002";"";"(85)3381151";"(85)3381151";"";"";"";"04";"03";"7023";"20-set-2001 00:00:00";"1 ";"";"";"02";"03";"23";"230220";"20/09/2001";"lerliane";"";"";"";"08";"";"";"";"";"";"1000";"";"";"";"";"";"S";"07/11/2001";"";"";""
"CE000300000000000000000000477-4";"2373114";"07756646000142";"3";"3";"PREFEITURA MUNICIPAL DE REDENCAO";"POSTO DE SAUDE ANTONIO DIOGO";"RUA TEREZA CRISTINA";"339";"";"CENTRO";"62791000";"3";"";"";"";"(85)3329155";"";"";"";"";"04";"02";"025/01";"15-mai-2001 00:00:00";"1 ";"";"";"01";"03";"23";"231160";"04/10/2001";"tatiana";"";"";"";"08";"";"";"";"";"";"1000";"";"";"";"";"";"S";"07/11/2001";"";"";""
"RJ0000330220000028916716000748";"2278820";"28916716000152";"3";"3";"SECRETARIA MUNICIPAL DE SAUDE";"PROGRAMA DENTINHO FELIZ MOD III";"R CEL LUIZ FERRAZ";"279";"";"CENTRO";"28300000";"";"";"";"";"(22)38242505";"(  )";"";"";"28916716000748";"04";"03";"";"";"";"";"";"22";"03";"33";"330220";"08/11/2001";"elaine motta";"";"";"";"08";"";"";"";"";"";"1000";"";"";"";"";"";"M";"21/03/2002";"";"";""
"RJ0000330040000099990010000002";"2279622";"28695658000184";"3";"3";"SECRETARIA MUNUCIPAL DESAUDE DE BARRA MANSA";"UBS KM 04";"RUA SAO VICENTE";"S/N";"";"KM 04";"27365130";"10";"";"";"";"(  )43322919";"(24)33227432";"fmsbm@uol.com.br";"";"";"04";"01";"";"";"";"";"";"02";"03";"33";"330040";"21/08/2001";"bebeto";"";"";"";"08";"";"";"";"";"";"1000";"";"";"";"";"";"M";"25/03/2002";"";"";""
"RJ0000330040000000000000054569";"2279932";"28695658000184";"3";"3";"SECRETARIA MUNICIPAL DE SAUDE DE BARRA MANSA";"CONSULTORIO ODONTOLOGICO CIEP 54";"RUA L";"S/N";"";"VILA MARIA";"27301970";"10";"";"";"";"(24)33229192";"(24)33227432";"fmsbm@uol.com.br";"";"";"04";"01";"";"";"";"";"";"22";"03";"33";"330040";"07/05/2002";"simone";"";"";"";"08";"";"";"";"";"";"1000";"";"";"";"";"";"M";"25/03/2002";"";"";""
"MG31271000006134521604";"2709619";"";"1";"1";"ROMEU FERNANDES DA SILVA";"ROMEU FERNANDES DA SILVA";"AV CEL DELFINO NUNES";"100";"";"CENTRO";"38200000";"";"";"";"";"(34)34218588";"";"";"06134521604";"";"04";"02";"";"";"";"";"";"22";"03";"31";"312710";"28/08/2003";"MARY LANE";"";"";"";"08";"";"";"";"";"";"4000";"";"";"";"";"";"M";"03/09/2003";"";"";""
"MG0000312710000000000000119415";"2181339";"18449132000160";"3";"3";"PREFEITURA MUNICIPAL DE FRUTAL";"PROGRAMA SAUDE DA FAMILIA CAJU VILA ESPERANCA";"RUA JOAO LACERDA";"330";"";"VILA ESPERANCA";"38200000";"0013";"";"";"";"(34)34218729";"(34)34219114";"smph-scaa@knet.com.br";"";"";"04";"02";"";"";"";"";"";"02";"03";"31";"312710";"15/10/2002";"mary lane";"";"";"";"08";"";"";"";"";"";"1000";"";"";"";"";"";"M";"22/07/2002";"";"";""
"MG0000312710000000000000180939";"2195569";"18449132000160";"3";"3";"PREFEITURA MUNICIPAL DE FRUTAL";"PSF BAIRRO XV DE NOVEMBRO PRINCESA IZABEL";"RUA JOSE DO PATROCINIO";"1043";"";"XV DE NOVEMBRO";"38200000";"";"";"";"";"(34)34233371";"(34)34219114";"smph-scaa@knrt.com.br";"";"";"04";"02";"";"";"";"";"";"02";"03";"31";"312710";"11/10/2002";"mary lane";"";"";"";"08";"";"";"";"";"";"1000";"";"";"";"";"";"M";"07/10/2002";"";"";""
"MG***S313130000005077356000147";"2805553";"";"3";"1";"ORALCENTER CENTRO ODONTOLOGICO ESPECIALIZADO LTDA";"ORALCENTER";"AVN DAS FLORES";"754";"LOJA B";"BOM JARDIM";"35162264";"";"";"";"";"(31)38234336";"";"";"";"05077356000147";"04";"01";"420112002";"05-nov-2002 00:00:00";"1 ";"";"";"22";"03";"31";"313130";"04/09/2003";"VALDIR AGNEL";"";"";"";"08";"";"";"";"";"";"2000";"";"";"";"";"";"M";"24/09/2003";"";"";""
"MG0000311800000000000000160830";"2172143";"22588461000160";"3";"3";"FUNDACAO MUNICIPAL DE SAUDE";"POSTO DE SAUDE JARDIM PROFETA";"R FRANCISCO WNCESLAU";"29";"A";"JARDIM PROFETA";"36404000";"03";"";"";"";"(31)37311950";"(31)37311950";"saudecongonhas@conett.com.br";"";"";"04";"02";"157/03/2000";"06-dez-2000 00:00:00";"1 ";"";"";"01";"03";"31";"311800";"13/05/2002";"silvia";"";"";"";"08";"";"";"";"";"";"1000";"";"";"";"";"";"M";"05/06/2002";"";"";""
"2919926948618";"6948618";"33919960000109";"3";"3";"PREFEITURA MUNICIPAL DE MADRE DE DEUS";"CENTRAL DE REGULACAO MEDICA DE URGENCIA SAMU";"AVENIDA MILTON BAHIA RIBEIRO";"1900";"PREDIO";"CENTRO";"42600000";"001";"001";"";"";"07136041126";"";"";"";"";"04";"03";"";"";"";"";"";"76";"06";"29";"291992";"13/04/2012";"GIBSON";"35503998553";"9550";"";"08";"";"";"";"";"";"1000";"";"";"";"";"";"S";"17/02/2012";"";"";""
"BA00000000000000000000000006637";"2016621";"63656292000135";"3";"3";"POLICIA MILITAR DO AMAZONAS";"HOSPITAL DA POLICIA MILITAR";"RUA CORONEL CANDIDO MARIANO";"224";"";"CENTRO";"69020300";"10";"";"";"";"(92)6333470";"(92)6222006";"";"";"";"04";"01";"0536";"04-out-2000 00:00:00";"1 ";"";"";"05";"06";"13";"130260";"01/12/2001";"abrahão";"";"";"";"08";"";"";"";"";"";"1000";"";"";"";"";"";"D";"01/01/9000";"";"";""
"PB0000250400000000011321466404";"2812983";"";"1";"1";"ROSALIE ANDRADE DOS SANTOS";"ROSALIE ANDRADE DOS SANTOS";"RUA HENRIQUE DIAS";"693";"";"CONCEICAO";"58100000";"3";"";"I";"";"(83)3414223";"";"";"11321466404";"";"04";"02";"";"";"";"";"";"39";"04";"25";"250400";"29/09/2003";"AUDITORIA";"";"";"";"08";"";"";"";"";"";"4000";"";"";"";"";"";"M";"29/09/2003";"";"";""
"MS0000500660000070355722000144";"2651599";"";"3";"1";"FHYSIOCLINICA CENTRO DE FISIOTERAPIA E REABILITACAO";"FHYSIOCLINICA CENTRO DE FISIOTERAPIA E REABILITACAO";"RUA CALOGERAS";"160";"";"CENTRO";"79900000";"";"";"";"";"";"";"";"";"70355722000144";"04";"02";"";"";"";"";"";"36";"06";"50";"500660";"05/06/2003";"eloides";"";"";"";"08";"";"";"";"";"";"2000";"";"";"";"";"";"M";"08/01/2003";"";"";""
"MG0002310620000000064950832620";"2186454";"";"1";"1";"CONSULTORIO ODONTOLOGICO ANGELA CRISTINA G BARBOSA";"CONSULTORIO ODONTOLOGICO ANGELA CRISTINA G BARBOSA";"RUA CALIXTO JOSE DE SOUZA";"477";"";"DOM PEDRO I";"33350000";"";"";"";"";"(31)36232955";"";"";"64950832620";"";"04";"01";"";"";"";"";"";"22";"03";"31";"316295";"05/06/2002";"talles";"";"";"";"08";"";"";"";"";"";"4000";"";"";"";"";"";"M";"02/09/2002";"";"";""
"SP00000000000000004346976000171";"2042460";"";"3";"1";"LABORATORIO DE ANALISES CLINICAS NS DE NASARE S C LTDA";"LAC LABORATORIO DE ANALISES CLINICAS NAZARE PAULISTA";"RUA MARIA TEREZA CONCEICAO";"69";"";"CENTRO";"12960000";"0212";"";"";"";"(19)45972044";"(19)45972044";"laclaboratorio2ig.com.br";"";"04346976000171";"04";"02";"";"";"";"";"";"39";"03";"35";"353240";"22/03/2002";"cvs";"";"";"";"08";"";"";"";"";"";"2000";"";"";"";"";"";"M";"25/02/2003";"";"";""
"ES00020000000000000084437936604";"2548186";"";"1";"1";"MARIA LUCIA ALVARENGA DA COSTA";"MARIA LUCIA ALVARENGA DA COSTA";"RUA OTAVIO SCHWART";"S/N";"";"IBITIRAMA";"29540000";"002";"";"";"";"(21)8311629";"(21)8311629";"";"84437936604";"";"04";"01";"";"";"";"";"";"22";"03";"32";"320255";"24/01/2002";"elizandra ch";"";"";"";"08";"";"";"";"";"";"4000";"";"";"";"";"";"D";"21/03/2002";"";"";""
"SP00000000000000059299644000337";"2034859";"";"3";"1";"CLINICA SAO CAETANO LTDA";"CLINICA SAO CAETANO";"RUA CAVALHEIRO ERNESTO GIULIANO";"979";"";"OLIMPICO";"09570400";"0102";"";"";"";"(11)42381922";"(11)42381922";"";"";"59299644000337";"04";"01";"35488070085100053317";"24-jul-2002 00:00:00";"1 ";"";"";"36";"06";"35";"354880";"29/07/2002";"cvs";"";"";"";"08";"";"";"";"";"";"2000";"";"";"";"";"";"M";"25/02/2003";"";"";""
"MA0000211150000000004442890382";"2825783";"";"1";"1";"ANTONIO EDILSON MACEDO";"ANTONIO EDILSON MACEDO";"RUA SARAGUA";"S/N";"";"CENTRO";"65470000";"005";"";"";"";"";"";"";"04442890382";"";"04";"01";"";"";"";"";"";"22";"01";"21";"211150";"14/01/2003";"sesma";"";"";"";"08";"";"";"";"";"";"4000";"";"";"";"";"";"M";"05/11/2003";"";"";""
"MA00002109809000003399139000148";"2454300";"";"3";"1";"CLINILSON CONSULTAS E ULTRASSONOGRAFIAS";"CLINILSON CONSULTAS E ULTRASSONOGRAFIAS";"RUA JOSE PAULO ALUIM";"120";"";"CENTRO";"65208000";"06";"";"";"";"";"";"";"";"03399139000148";"04";"01";"";"";"";"";"";"39";"03";"21";"210980";"17/09/2002";"sesma";"";"";"";"08";"";"";"";"";"";"2000";"";"";"";"";"";"M";"05/11/2003";"";"";""
"MG***S313130000004598376000109";"2805510";"";"3";"1";"CENTRO ODONTOLOGICO ESPECIALIZADO LTDA";"ODONTOCENTER";"RUA JUIZ DE FORA";"60";"LOJA 03";"CENTRO";"35160031";"";"";"";"";"(31)";"";"";"";"04598376000109";"04";"01";"087042003";"02-abr-2003 00:00:00";"2 ";"";"";"22";"03";"31";"313130";"10/09/2003";"MILTON JESUS";"";"";"";"08";"";"";"";"";"";"2000";"";"";"";"";"";"M";"24/09/2003";"";"";""
"SP00003504503000000000828037817";"2751410";"";"1";"1";"FRANCISCO ROMULO RODRIGUES DOS SANTOS ZAMBERLAN";"CENTRO MEDICO";"RUA RIO DE JANEIRO";"1009";"";"CENTRO";"18700000";"";"";"";"";"(14)37331933";"";"";"00828037817";"";"04";"02";"35045030085100007112";"04-jul-2003 00:00:00";"2 ";"";"";"22";"03";"35";"350450";"18/08/2003";"thales";"";"";"";"08";"";"";"";"";"";"4000";"";"";"";"";"";"M";"03/09/2003";"";"";""
"PA0000150220000004935607000114";"2622378";"";"3";"1";"RAINERO MAROJA PATOLOGIA CLINICA LTDA";"RAINERO MAROJA PATOLOGIA CLINICA";"AV BRAS DE AGUIAR";"593";"";"NAZARE";"66035000";"004";"";"";"";"(91)2122330";"(91)2122330";"";"";"04935607000114";"04";"03";"";"";"";"";"";"39";"03";"15";"150140";"06/09/2002";"ana rosa";"";"";"";"08";"";"";"";"";"";"2000";"";"";"";"";"";"E";"08/11/2002";"";"";""
"MT***S0000000000000053518454749";"2823438";"";"1";"1";"LUIZ CESAR NAZARIO SCALA CARDIOLOGISTA";"LUIZ CESAR NAZARIO SCALA CARDIOLOGISTA";"AVN HISTORIADOR RUBENS DE MENDONCA";"1836";"SALA 302";"BOSQUE DA SAUDE";"78050000";"002";"";"";"";"";"";"";"53518454749";"";"04";"03";"";"";"";"";"";"22";"01";"51";"510340";"15/10/2003";"MARGARETH";"";"";"";"08";"";"";"";"";"";"4000";"";"";"";"";"";"E";"30/10/2003";"";"";""
"SP00003509205000001329730000101";"2825287";"";"3";"1";"CLINICA MEDICA SULLA PELLE S C LTDA";"CLINICA MEDICA SULLA PELLE S C LTDA";"RUA PAES DE ANDRADE";"929";"";"ACLIMACAO";"01530000";"";"";"";"";"";"";"";"";"01329730000101";"04";"03";"";"";"2 ";"";"";"04";"03";"35";"355030";"09/09/2003";"OMACIR";"";"";"";"08";"";"";"";"";"";"2000";"";"";"";"";"";"M";"05/11/2003";"";"";""
"SC0000420730000000000351865934";"2610000";"";"1";"1";"OSCAR DE ARAGAO PAZ";"OSCAR DE ARAGAO PAZ";"RUA ERNANI COTRIM";"177";"";"CENTRO";"88780000";"";"";"";"";"";"";"";"00351865934";"";"04";"";"";"";"";"";"";"22";"02";"42";"420730";"08/04/2003";"marilandi";"";"";"";"08";"";"";"";"";"";"4000";"";"";"";"";"";"M";"30/09/2002";"";"";""
"MG200000000000004415344000112";"2207060";"";"3";"1";"TEIXEIRA E RESENDE LTDA";"FISIO SAUDE REABILITACAO FISICA FISIOTERAPIA";"PRACA DR FREITAS CARVALHO";"15";"";"CENTRO";"36370000";"20";"000";"000";"000";"";"";"";"";"04415344000112";"04";"01";"";"";"";"";"";"22";"01";"31";"314450";"18/11/2002";"carlos";"";"";"";"08";"";"";"";"";"";"2000";"";"";"";"";"";"M";"23/12/2002";"";"";""
"ES0000320200000031721921000177";"2652862";"";"3";"1";"LABORATORIO DE ANALISES CLINICAS LABORCLIN LTDA";"LABORCLIN";"RUA HERALDO DE ALMEIDA E SILVA";"23";"";"CENTRO";"29580000";"";"";"";"";"";"";"";"";"31721921000177";"04";"02";"";"";"";"";"";"39";"03";"32";"320200";"07/07/2003";"manoel";"";"";"";"08";"";"";"";"";"";"2000";"";"";"";"";"";"D";"11/03/2003";"";"";""
"2311302565935";"2565935";"";"3";"1";"SINDICATO RURAL DE QUIXADA";"SINDICATO RURAL DE QUIXADA";"RUA JOSE JUCA";"S/N";"ZONA URBANA";"CENTRO";"63900000";"0008";"";"";"";"(88)4120037";"";"";"";"06583397000178";"04";"01";"176/2001";"30-abr-2001 00:00:00";"2 ";"";"";"22";"03";"23";"231130";"23/04/2002";"sesa";"";"";"";"08";"";"";"";"";"";"3000";"";"";"";"";"";"M";"08/05/2002";"";"";""
"MG00140000000000004171101000186";"2158809";"";"3";"1";"PRODENT CLINICA ODONTOLOGICA LTDA";"PRODENT";"RUA MANOEL ALVES";"16";"";"CENTRO";"35720000";"014";"";"";"";"(31)37121232";"";"";"";"04171101000186";"04";"01";"";"";"";"";"";"04";"03";"31";"314110";"04/04/2002";"fatima";"";"";"";"08";"";"";"";"";"";"2000";"";"";"";"";"";"M";"29/04/2002";"";"";""
"RJ0000330455000028000107000744";"2271257";"";"3";"1";"ONCOLOGISTAS ASSOCIADOS SERVICOS MEDICOS LTDA";"ONCOLOGISTAS ASSOCIADOS";"RUA CARDOSO DE MORAES";"61";"SALAS 512 E 513";"BONSUCESSO";"21032000";"";"";"";"";"(21)25601885";"(21)25902237";"oncobotger@visualnet.com.br";"";"28000107000744";"04";"03";"02603918";"16-nov-1999 00:00:00";"2 ";"";"";"36";"04";"33";"330455";"18/12/2001";"eliane";"";"";"";"08";"";"";"";"";"";"2000";"";"";"";"";"";"E";"01/01/9000";"";"";""
"MG0023000000000000000004";"2140640";"19613124000170";"3";"3";"LABORATORIO DE ANALISE CLINICA DE IPATINGA LTDA";"LABORATORIO DE ANALISE CLINICA DE IPATINGA";"RUA ITAJUBA";"195";"";"CENTRO";"35160035";"023";"";"";"";"(31)38221980";"(31)38221980";"";"";"";"04";"02";"";"";"";"";"";"39";"03";"31";"313130";"05/02/2002";"drs";"";"";"";"08";"";"";"";"";"";"2000";"";"";"";"";"";"M";"12/03/2002";"";"";""
"RJ0000330455000028000107000825";"2271249";"";"3";"1";"ONCOLOGISTAS ASSOCIADOS SERVICOS MEDICOS LTDA";"ONCOLOGISTAS ASSOCIADOS";"RUA DR CAETANO DE FARIA E CASTRO";"25";"SALAS 303 E 307";"CAMPO GRANDE";"23052010";"";"";"";"";"(21)33949816";"(21)33949816";"oncobotger@visualnet.com.br";"";"28000107000825";"04";"03";"02901307";"28-nov-2000 00:00:00";"2 ";"";"";"36";"04";"33";"330455";"18/12/2001";"eliane";"";"";"";"08";"";"";"";"";"";"2000";"";"";"";"";"";"E";"01/01/9000";"";"";""
"BA0000290320000004188091000191";"2517817";"";"3";"1";"UROCENTRO LTDA";"UROCENTRO";"RUA BARAO DE COTEGIPE";"181";"";"CENTRO";"47800000";"25";"";"";"";"(77)612 8545";"(77) 6128545";"";"";"04188091000191";"04";"02";"045/00";"21-dez-2000 00:00:00";"1 ";"";"";"22";"02";"29";"290320";"25/11/2002";"sms";"";"";"";"08";"";"";"";"";"";"2000";"";"";"";"";"";"D";"12/03/2002";"";"";""
"ES00020000000000000084123761704";"2448335";"";"1";"1";"MARIA GORETH DE FREITAS";"MARIA GORETH DE FREITAS";"RUA JOSE BRAIS DE MENDONCA";"S/N";"";"CENTRO";"29290000";"002";"";"";"";"(28)35331720";"";"";"84123761704";"";"04";"03";"";"";"";"";"";"22";"03";"32";"320440";"02/12/2001";"elisandra ch";"";"";"";"08";"";"";"";"";"";"4000";"";"";"";"";"";"D";"01/01/9000";"";"";""
"ES00020000000000000070512434700";"2448351";"";"1";"1";"WILSON CHAMUM MAMERI";"WILSON CHAMUM MAMERI";"RUA FRANCISCO ALVES ATAIDE";"S/N";"";"CENTRO";"29290000";"002";"";"";"";"(28)35331388";"";"";"70512434700";"";"04";"03";"";"";"";"";"";"22";"03";"32";"320440";"02/12/2001";"elisandra ch";"";"";"";"08";"";"";"";"";"";"4000";"";"";"";"";"";"D";"01/01/9000";"";"";""
"ES00020000000000000097788155772";"2448386";"";"1";"1";"FABIO OLIOSE";"FABIO OLIOSE";"RUA ZEFERINO NETO";"S/N";"";"CENTRO";"29290000";"002";"";"";"";"(28)35331592";"(28)35331592";"";"97788155772";"";"04";"03";"";"";"";"";"";"22";"03";"32";"320440";"02/12/2001";"elisandra ch";"";"";"";"08";"";"";"";"";"";"4000";"";"";"";"";"";"D";"01/01/9000";"";"";""
"ES00000000000000000045123519734";"2448742";"";"1";"1";"MAGESTE ANALISES CLINICAS";"MAGESTE ANALISES CLINICAS";"AVN 13 DE MAIO";"410";"";"CENTRO";"29750000";"0003";"";"";"";"(27)37261198";"";"";"45123519734";"";"04";"01";"11/001";"30-jul-2001 00:00:00";"2 ";"";"";"39";"03";"32";"320400";"27/11/2001";"luciano g b";"";"";"";"08";"";"";"";"";"";"4000";"";"";"";"";"";"D";"01/01/9000";"";"";""
"MG00040000000000018647800000164";"2135973";"";"3";"1";"POSTO DE COLETA";"POSTO DE COLETA";"PRACA VEREADOR FRANCISCO XAVIER";"33";"SALA 503";"CENTRO";"39120000";"004";"";"";"";"(3 )";"";"";"";"18647800000164";"04";"03";"";"";"";"";"";"39";"03";"31";"312760";"19/02/2002";"fred freitas";"";"";"";"08";"";"";"";"";"";"2000";"";"";"";"";"";"M";"12/03/2002";"";"";""
"MG0000313130000004761891000150";"2698781";"";"3";"1";"ORAL MASTER LTDA";"ORAL MASTER";"AVN JOAO VALENTIM PASCOAL";"205";"SALA 101";"CENTRO";"35160003";"";"";"";"";"(31)38222410";"";"";"";"04761891000150";"04";"01";"324072002";"29-jul-2002 00:00:00";"2 ";"";"";"22";"03";"31";"313130";"05/08/2003";"milton jesus";"";"";"";"08";"";"";"";"";"";"2000";"";"";"";"";"";"M";"02/09/2003";"";"";""
"RJ0000330040000000671742000149";"2293420";"";"3";"1";"RADICLIN CLINICA DE MED NUCLEAR E ONCOLOGIA S FLUMINENSE LT";"RADICLIN";"RUA PINTO RIBEIRO";"205";"";"CENTRO";"27310420";"10";"";"";"";"(  )";"";"";"";"00671742000149";"04";"03";"";"";"";"";"";"39";"03";"33";"330040";"27/06/2002";"simone";"";"";"";"08";"";"";"";"";"";"2000";"";"";"";"";"";"E";"30/09/2002";"";"";""
"RJ***S33058002994169000130";"2813629";"";"3";"1";"FHETA SERV DE TRANSF HEMATOLOGIA E AFERESE LTDA";"BANCO DE SANGUE";"RUA JUDITH MAURICIO DE PAULA";"40";"";"IUCAS";"25964220";"";"";"";"";"";"";"";"";"02994169000130";"04";"02";"";"";"";"";"";"04";"05";"33";"330580";"15/09/2003";"PLANEJAMENTO";"";"";"";"08";"";"";"";"";"";"2000";"";"";"";"";"";"M";"30/09/2003";"";"";""
"MG00020000000000020462693000141";"2161192";"";"3";"1";"FISIOCENTRO CONSULTORIO DE FISIOTERAPIA LTDA";"FISIOCENTRO CONSULTORIO DE FISIOTERAPIA LTDA";"RUA CARLOS MARTINS";"98";"";"CENTRO";"35720000";"";"";"";"";"(31)37121290";"";"";"";"20462693000141";"04";"01";"";"";"";"";"";"22";"03";"31";"314110";"12/04/2002";"talles";"";"";"";"08";"";"";"";"";"";"2000";"";"";"";"";"";"M";"08/05/2002";"";"";""
"MG00040000000000000056837003615";"2163128";"";"1";"1";"CLAUDIO GERALDO DE SOUZA";"CONSULTORIO ODONTOLOGICO";"RUA CORONEL AMARAL";"130";"";"CENTRO";"39640000";"004";"";"";"";"(33)37371341";"";"";"56837003615";"";"04";"01";"";"";"";"";"";"22";"03";"31";"310650";"05/04/2002";"fred freitas";"";"";"";"08";"";"";"";"";"";"4000";"";"";"";"";"";"M";"08/05/2002";"";"";""
"PE00000000000000012047965000119";"2350475";"";"3";"1";"CLINICA MEDICO CIRURGICA DE CARPINA";"MEDICO CIRURGICA DO CARPINA";"PRACA SAO JOSE";"0124";"";"CENTRO";"58100000";"002";"";"";"";"(81)36220411";"(81)36220411";"";"";"12047965000119";"04";"01";"";"";"";"";"";"15";"06";"25";"250400";"18/09/2001";"digit5";"";"";"";"08";"";"";"";"";"";"2000";"";"";"";"";"";"D";"30/10/2001";"";"";""
"ES00020000000000000068799144700";"2448343";"";"1";"1";"PAULO CHAMUM MAMERI";"PAULO CHAMUM MAMERI";"RUA JOAQUIM ALVES";"S/N";"";"CENTRO";"29290000";"002";"";"";"";"";"";"";"68799144700";"";"04";"03";"";"";"";"";"";"22";"03";"32";"320440";"02/12/2001";"elisandra ch";"";"";"";"08";"";"";"";"";"";"4000";"";"";"";"";"";"D";"01/01/9000";"";"";""
"ES00020000000000000094285560763";"2448378";"";"1";"1";"ROSANE IORIO TESSARI ROHR";"ROSANE IORIO TESSARI ROHR";"RUA MUNIZ FREIRE";"10";"";"CENTRO";"29290000";"002";"";"";"";"(28)35331318";"(28)35331231";"rzane@escelsa.com.br";"94285560763";"";"04";"03";"";"";"";"";"";"22";"03";"32";"320440";"02/12/2001";"elisandra ch";"";"";"";"08";"";"";"";"";"";"4000";"";"";"";"";"";"D";"01/01/9000";"";"";""
"ES00000000000000002402057000142";"2448955";"";"3";"1";"LABORATORIO DE ANALISES CLINICAS PARAGUASSU LTDA";"LABORATORIO PARAGUASSU";"RUA HENRIQUE DIAS";"32";"";"CENTRO";"29780000";"0003";"";"";"";"(27)37271221";"(27)37271221";"";"";"02402057000142";"04";"01";"";"";"";"";"";"39";"03";"32";"320470";"29/11/2001";"luciano g b";"";"";"";"08";"";"";"";"";"";"2000";"";"";"";"";"";"D";"01/01/9000";"";"";""
"MG0000311800000004611678000161";"2172321";"";"3";"1";"ORTOCENTER CLINICA DE FISIOTERAPIA LTDA";"ORTOCENTER CLINICA DE FISIOTERAIA LTDA";"R MARCEHAL FLORIANO";"462";"";"CENTRO";"36404000";"03";"";"";"";"(31)37313960";"";"";"";"04611678000161";"04";"02";"";"";"";"";"";"36";"03";"31";"311800";"13/05/2002";"silvia";"";"";"";"08";"";"";"";"";"";"2000";"";"";"";"";"";"M";"05/06/2002";"";"";""
"MA0000211150000006695936000160";"2825988";"";"3";"1";"SINDICATO DOS TRABALHADORES RURAIS DE SAO MATEUS";"SINDICATO DOS TRABALHADORES RURAIS DE SAO MATEUS";"AVENIDA RODOVIARIA";"S/N";"";"CENTRO";"65470000";"005";"";"";"";"(98)6391818";"";"";"";"06695936000160";"04";"01";"";"";"";"";"";"22";"02";"21";"211150";"14/01/2003";"sesma";"";"";"";"08";"";"";"";"";"";"2000";"";"";"";"";"";"M";"05/11/2003";"";"";""
"MG200000000000021423033000114";"2207028";"";"3";"1";"SINDICATO DOS PRODUTORES RURAIS DE BOM SUCESSO";"SINDICATO DE BOM SUCESSO";"RUA VILA MACAIA";"34";"";"SAO JOSE";"37220000";"20";"000";"000";"000";"(32)38411209";"";"";"";"21423033000114";"04";"01";"";"";"";"";"";"22";"03";"31";"310800";"15/05/2003";"carlos";"";"";"";"08";"";"";"";"";"";"3000";"";"";"";"";"";"M";"23/12/2002";"";"";""
"MS00000000000000003632914000163";"2370921";"";"3";"1";"LABORATORIO DIGNOSE CUNHA LTDA";"LABORATORIO DIGNOSE CUNHA LTDA";"FUNDOS";"96";"FUNDOS";"CENTRO";"79002365";"1";"";"";"";"(67)3244167";"(67)3245274";"";"";"03632914000163";"04";"03";"33.466";"15-fev-2001 00:00:00";"2 ";"";"";"39";"03";"50";"500270";"11/06/2002";"eloides";"";"";"";"08";"";"";"";"";"";"2000";"";"";"";"";"";"E";"07/11/2001";"";"";""
"RO00000000000000063784722000102";"2515792";"";"3";"1";"J V DE ANDRADE";"LABORATORIO DE ANAL CLIN ALBERT SABIN GUAJARA MIRIM";"AVN LEOPOLDO DE MATOS";"2131";"";"CENTRO";"78957000";"";"";"";"";"(69)5412589";"(69)5412692";"labalbertsabin@gm.net.com.br";"";"63784722000102";"04";"01";"S/N";"11-mai-2001 00:00:00";"2 ";"";"";"39";"03";"11";"110010";"17/11/2001";"caio";"";"";"";"08";"";"";"";"";"";"2000";"";"";"";"";"";"M";"12/03/2002";"";"";""
"MG0000313130000000003610003677";"2179768";"";"1";"1";"BRUNO DE SOUZA RIBEIRO";"RIBEIRO EXAMES RADIOGRAFICOS";"RUA ITAJUBA";"205";"";"CENTRO";"35160035";"";"";"";"";"(31)38245070";"";"";"03610003677";"";"04";"01";"";"";"";"";"";"22";"03";"31";"313130";"09/07/2003";"milton jesus";"";"";"";"08";"";"";"";"";"";"4000";"";"";"";"";"";"M";"09/08/2003";"";"";""
"ES00040000000000000073094935753";"2630222";"";"1";"1";"CONSULTORIO ODOTOLOGICO";"SUELY REUTER OLIVEIRA NASCIMENTO";"RUA HERMINIO POIARES";"85";"";"CENTRO";"29960000";"0004";"";"";"";"(27)37621642";"";"";"73094935753";"";"04";"01";"241";"01-dez-2001 00:00:00";"2 ";"";"";"22";"03";"32";"320160";"30/09/2002";"evandro";"";"";"";"08";"";"";"";"";"";"4000";"";"";"";"";"";"M";"19/11/2002";"";"";""
"PA0000150010000000003406873200";"2318717";"";"1";"1";"JOSE MANOEL MARQUES RODRIGUES BRANDAO";"JOSE MANOEL MARQUES RODRIGUES BRANDAO";"RUA SIQUEIRA MENDES";"1671";"";"CENTRO";"68440000";"6ª";"";"";"";"(91)37511835";"";"";"03406873200";"";"04";"02";"02600";"03-fev-2000 00:00:00";"2 ";"";"";"22";"02";"15";"150010";"15/07/2002";"rivaisa";"";"";"";"08";"";"";"";"";"";"4000";"";"";"";"";"";"M";"30/10/2001";"";"";""
"MG180000000000022790844000116";"2208768";"";"3";"1";"ASSOCIACAO DE PROTECAO A MATERNIDADE INFANCIA MURIAE";"CASA DA CRIANCA";"R CEL IZALINO";"161";"";"CENTRO";"36880000";"018";"";"";"";"(32)37211328";"(  )";"";"";"22790844000116";"04";"01";"";"";"";"";"";"70";"03";"31";"314390";"25/09/2002";"plan";"";"";"";"08";"";"";"";"";"";"3000";"";"";"";"";"";"M";"23/12/2002";"";"";""
"PA0000150180000000000000004847";"2317745";"04875100000112";"3";"3";"SINDICATO RURAL DE BREVES";"CONSULTORIO MEDICO SINDICATO DE BREVES";"RUA DR ASSIS";"";"";"CENTRO";"68800000";"8";"";"";"";"";"";"";"";"";"04";"01";"161/01";"10-mai-2001 00:00:00";"2 ";"";"";"22";"01";"15";"150180";"01/10/2002";"marcio";"";"";"";"08";"";"";"";"";"";"3000";"";"";"";"";"";"S";"30/10/2001";"";"";""
"2311302565927";"2565927";"";"3";"1";"SINDICATO DOS TRABALHADORES RURAIS DE QUIXADA";"SINDICATO DOS TRABALHADORES RURAIS DE QUIXADA";"RUA RODRIGUES JUNIOR";"S/N";"ZONA URBANA";"CENTRO";"63900000";"0008";"";"";"";"(88)4120481";"";"";"";"07721723000129";"04";"01";"177/2001";"30-abr-2001 00:00:00";"2 ";"";"";"22";"04";"23";"231130";"21/09/2002";"sesa";"";"";"";"08";"";"";"";"";"";"3000";"";"";"";"";"";"M";"08/05/2002";"";"";""
"ES00000000000000027503747000119";"2448882";"";"3";"1";"SINDICATO RURAL DE SAO GABRIEL";"SINDICATO RURAL DE SAO GABRIEL";"RUA 14 DE MAIO";"54";"";"CENTRO";"29780000";"003";"";"";"";"(27)37271534";"(27)37271534";"srsg@sgpnet.com.br";"";"27503747000119";"04";"01";"";"";"";"";"";"22";"01";"32";"320470";"29/11/2001";"luciano g b";"";"";"";"08";"";"";"";"";"";"3000";"";"";"";"";"";"D";"01/01/9000";"";"";""
"3304559063862";"9063862";"";"3";"1";"PAULO PORTES SANTOS CLINICA UROLOGICA";"PAULO PORTES SANTOS CLINICA UROLOGICA";"RUA URUGUAIANA";"10";"SALAS 1005 E 1006 PA";"CENTRO";"20050090";"";"";"";"";"(21) 2242-8206";"";"uropps@gmail.com";"";"05505306000202";"04";"01";"09/97/025897/2019";"01-mai-2019 00:00:00";"2 ";"30-abr-2020 00:00:00";"1";"22";"03";"33";"330455";"11/09/2019";"SIMPLIFICADO";"62769839772";"";"";"";"";"-22.9061872";"-43.1785202";"11/09/2019";"SIMPLIFICADO";"2232";"N";"";"S";"";"";"M";"11/09/2016";"016";"001";""
"5100609042261";"9042261";"01362680000156";"3";"3";"PREFEITURA MUNICIPAL DE ALTO TAQUARI";"UNIDADE BASICA DE SAUDE DA FAMILIA DE ALTO TAQUARI III";"RUA ONDINO RODRIGUES DE LIMA";"550";"";"PARQUE ALTO TAQUARI";"78785000";"";"";"";"";"";"";"programas.saude@gmail.com";"";"";"04";"01";"";"";"";"";"";"02";"03";"51";"510060";"03/12/2018";"SMSAT";"80184472172";"";"";"";"";"-17.826";"-53.282";"30/04/2019";"SMSAT";"1244";"N";"";"N";"";"";"M";"23/08/2016";"001";"012";""
"2201909065849";"9065849";"00749590000150";"3";"3";"SMS DE BOM JESUS";"UNID BASICA DE SAUDE RAIMUNDO NONATO NUNES DA SILVA";"RUA DO GROTAO";"S/N";"";"CHAPADINHA";"64900000";"";"";"";"";"";"";"";"";"";"04";"03";"";"";"";"";"";"02";"03";"22";"220190";"06/06/2019";"2201903";"66258952372";"";"";"";"";"-9.070963";"-44.366913";"06/06/2019";"2201903";"1031";"N";"";"N";"";"";"M";"11/09/2016";"001";"012";""
"3304559061916";"9061916";"";"3";"1";"ASSISTENCIA DENTARIA GALEAO LTDA";"ASISTENCIA DENTARIA GALEAO ILHA 2";"ESTRADA DO CACUIA";"81";"SOBRADO";"CACUIA ILHA";"22240000";"";"";"22";"";"2467-2661";"";"isaurafiock@gmail.com";"";"01543987000153";"04";"03";"LICENCA SANITARIA";"15-abr-2016 00:00:00";"2 ";"15-abr-2018 00:00:00";"1";"22";"03";"33";"330455";"07/03/2017";"SMS RIO";"";"";"";"";"";"";"";"";"";"2232";"N";"";"S";"";"";"M";"11/09/2016";"016";"001";""
"3304559064915";"9064915";"";"1";"1";"MARIO BERLINK FARIA";"MARIO BERLINK FARIA";"RUA DO CATETE";"311";"SALA 619";"CATETE";"22220901";"";"";"";"";"";"";"";"66615119749";"";"04";"01";"ASSENTIMENTO SANITARIO";"17-fev-2004 00:00:00";"2 ";"";"";"22";"03";"33";"330455";"06/09/2016";"SMS RIO";"";"";"";"";"";"";"";"";"";"4000";"N";"";"S";"";"";"M";"11/09/2016";"016";"001";""
"3304559065253";"9065253";"";"3";"1";"IMUNO VIDA CLINICA DE VACINAS LTDA ME";"IMUNO VIDA";"ESTRADA DOS TRES RIOS";"200";"BLOCO 02 SALA 303";"FREGUESIA";"22755002";"";"";"";"";"21 24438735";"";"imunovida.clinicadevacinas@gmail.com";"";"20298847000101";"04";"03";"09/97/025083/2019";"01-mai-2019 00:00:00";"2 ";"30-abr-2020 00:00:00";"1";"36";"03";"33";"330455";"19/07/2019";"APPACCE";"69858098715";"451235";"";"";"";"";"";"";"";"2062";"N";"";"S";"";"";"M";"11/09/2016";"025";"017";"N"
"3304909058958";"9058958";"28636579000950";"3";"3";"SECRETARIA MUNICIPAL DE SAUDE DE SAO GONCALO";"USF IPIIBA";"ESTRADA DE IPIIBA";"S/N";"CIEP 414";"IPIIBA";"24738416";"";"";"";"";"";"";"";"";"";"04";"03";"";"";"";"";"";"02";"03";"33";"330490";"24/06/2019";"CNESAB";"00108167712";"";"";"";"";"-22.827";"-43.054";"24/06/2019";"CNESAB";"1244";"N";"";"S";"";"";"M";"11/09/2016";"001";"012";""
"3516209061290";"9061290";"";"1";"1";"FREDERICO ALONSO SABINO DE FREITAS";"FREDERICO ALONSO SABINO DE FREITAS";"RUA PROFESSOR CARMELINO CORREA JR";"521";"";"SAO JOSE";"14401292";"208";"";"";"";"1637223721";"";"";"69683964672";"";"04";"03";"35162000486300051810";"22-ago-2016 00:00:00";"2 ";"";"";"22";"03";"35";"351620";"08/09/2016";"JOSIANE";"";"";"";"";"";"";"";"";"";"4000";"";"";"S";"";"";"M";"11/09/2016";"016";"001";""
"3516209061304";"9061304";"";"3";"1";"PSICOCLINICA SERVICOS MEDICOS EIRELI";"PSICOCLINICA SAUDE E BEM ESTAR";"ANTONIO TORRES PENEDO";"520";"";"SAO JOAQUIM";"14406352";"";"";"";"";"16 37221500";"";"daiana@assesconfranca.com.br";"";"25065736000179";"04";"01";"";"";"";"";"";"36";"03";"35";"351620";"08/09/2016";"JOSIANE";"";"";"";"";"";"";"";"";"";"2305";"";"";"S";"";"";"M";"11/09/2016";"";"";""
"4115709064230";"9064230";"";"3";"1";"ANA PAULA FERNANDES BARBOZA CLINICA ODONTOLOGICA";"ORTO VIPS";"DA FONTE";"429";"";"CENTRO";"83260000";"1";"";"";"";"41 34739069";"";"volarecontabilidade@hotmail.com";"";"25142281000148";"04";"03";"501/2016";"18-ago-2016 00:00:00";"2 ";"18-ago-2017 00:00:00";"1";"22";"03";"41";"411570";"24/04/2019";"411570";"07011344969";"22139";"";"";"";"-25.8161175";"-48.5353556";"08/04/2019";"411570";"2135";"N";"";"S";"";"";"M";"11/09/2016";"016";"001";""
"4119509052666";"9052666";"76105675000167";"3";"3";"PREFEITURA MUNICIPAL DE PIRAQUARA";"U S MARIA FRANCELINA DOS SANTOS";"RUA JURI DANILENKO";"2936";"";"PLANTA SANTA LUCIA";"83311090";"02";"";"";"";"3551-1187";"";"";"";"";"04";"01";"";"";"";"";"";"02";"03";"41";"411950";"06/09/2019";"TESTE";"03892774951";"480320";"";"";"";"-25.4637128";"-49.1349843";"06/09/2019";"TESTE";"1244";"N";"";"S";"";"";"M";"11/09/2016";"001";"012";""
"3106209068279";"9068279";"18715383000140";"3";"3";"MUNICIPIO DE BELO HORIZONTE";"UNIDADE DE PRONTO ATENDIMENTO NOROESTE II HOB";"RUA JOAO CARVALHAIS DE PAIVA";"85";"";"SAO CRISTOVAO";"31270720";"";"";"";"";"32776181";"";"hobsuper@pbh.gov.br";"";"";"03";"03";"";"";"";"";"";"73";"06";"31";"310620";"28/06/2019";"PRISCILA";"49484818668";"15068";"";"";"";"-19.904221247326504";"-43.94812345504761";"26/04/2019";"PRISCILA";"1244";"S";"";"S";"";"";"M";"15/09/2016";"008";"007";""
"4209009064273";"9064273";"";"3";"1";"SERVICOS DE ANESTESIOLOGIA E MEDICINA PERIOPERATORIA DE JOAC";"SAMP";"BARAO DO RIO BRANCO";"552";"SALA 3";"CENTRO";"89600000";"7";"";"";"";"49 35213853";"";"sedarjba@gmail.com";"";"24387155000190";"04";"01";"243/2019";"23-jan-2019 00:00:00";"2 ";"31-dez-2019 00:00:00";"1";"22";"03";"42";"420900";"10/06/2019";"RHJBA";"00529821907";"18786";"";"";"";"-27.174445697419827";"-51.50882005691528";"03/05/2019";"RHJBA";"2062";"N";"";"S";"";"";"M";"11/09/2016";"016";"001";"N"
"4212909059032";"9059032";"83021857000115";"3";"3";"MUNICIPIO DE PINHALZINHO";"UNIDADE BASICA DE SAUDE OTILIA BRUISMA";"AVENIDA MATO GROSSO";"3050";"";"PIONEIRO";"89870000";"10";"";"";"";"4933666666";"";"";"";"";"04";"01";"";"";"";"";"";"02";"03";"42";"421290";"05/09/2019";"FELIPE";"08305925986";"2700";"";"";"";"-26.854876925374718";"-53.00281047821045";"24/04/2019";"FELIPE";"1244";"N";"";"S";"";"";"M";"11/09/2016";"001";"012";""
"4322409061487";"9061487";"88131164000107";"3";"3";"MUNICIPIO DE URUGUAIANA";"LABORATORIO DE MONITORAMENTO DE INFECCOES HIV";"BR 472 KM 592";"01";"";"INTERIOR";"97508000";"";"";"";"";"";"";"";"";"";"04";"02";"334/09";"02-jan-2009 00:00:00";"2 ";"02-jan-2018 00:00:00";"1";"80";"03";"43";"432240";"17/07/2019";"SAUDE";"77706072053";"6572";"";"";"";"";"";"";"";"1244";"N";"";"S";"";"";"M";"11/09/2016";"018";"002";""
"2211009068538";"9068538";"";"3";"1";"A C P SERVICOS ESPECIALIZADOS EM SAUDE LTDA ME";"SAUDE EM CASA";"RUA COELHO RODRIGUES";"1938";"";"CENTRO";"64000330";"";"";"";"";"";"";"";"";"19773812000106";"04";"01";"";"";"";"";"";"36";"03";"22";"221100";"25/10/2016";"GESTORES";"";"";"";"";"";"";"";"";"";"2062";"N";"";"S";"";"";"M";"15/09/2016";"";"";""
"3506009062726";"9062726";"";"3";"1";"ROSEVELTE SILVA SERVICOS MEDICOS LTDA ME";"ROSEVELTE SILVA SERVICOS MEDICOS";"RUA RUY MENDES DE ROSIS";"1175";"";"JARDIM INFANTE DOM H";"17012636";"";"";"";"";"997019923";"";"crosevelte@bol.com.br";"";"24833772000172";"04";"03";"612356.2016-00";"02-jun-2016 00:00:00";"2 ";"24-mai-2017 00:00:00";"1";"22";"06";"35";"350600";"11/07/2019";"CADASTRADOR";"16505279857";"111908";"";"";"";"-22.342931162727478";"-49.04998540878296";"11/07/2019";"CADASTRADOR";"2062";"S";"";"S";"";"";"M";"15/09/2016";"016";"001";""
"3148009068422";"9068422";"18602011000107";"3";"3";"PREFEITURA DE PATOS DE MINAS";"ODONTOMOVEL V";"COMUNIDADE DE ALAGOAS";"S/N";"";"COMUNIDADE DE ALAGOA";"38703556";"07";"";"";"";"";"";"";"";"";"04";"02";"412/18";"07-jun-2018 00:00:00";"2 ";"07-jun-2022 00:00:00";"1";"40";"03";"31";"314800";"21/06/2019";"MIRIAN";"61794546634";"20443";"";"";"";"-18.579";"-46.518";"21/06/2019";"MIRIAN";"1244";"N";"";"N";"";"";"M";"17/09/2016";"016";"001";"S"
"3524309068570";"9068570";"";"3";"1";"M F SERVICOS DE CLINICA MEDICA MEDICINA OCUPACIONAL E SEGU";"CLINICA MEDICINA OCUPACIONAL E SEGURANCA DO TRABALHO";"RUA MIMI ALEMAGNA";"317";"";"CENTRO";"14870280";"213";"";"";"";"32023155";"";"";"";"17699431000190";"04";"01";"352430311-863-000521-1-6";"13-set-2016 00:00:00";"2 ";"12-dez-2019 00:00:00";"1";"04";"03";"35";"352430";"22/03/2019";"LEILA";"28906719841";"125222";"";"";"";"-21.257501471630633";"-48.31578969955444";"18/06/2018";"LEILA";"2062";"N";"";"S";"";"";"M";"21/09/2016";"002";"022";""
"3303309067019";"9067019";"";"1";"1";"SONIA REGINA TOSO";"SONIA REGINA TOSO";"RUA OTAVIO CARNEIRO";"143";"SALA 1911";"ICARAI";"24230190";"";"";"";"";"21-2719-8258";"";"soniatoso@ig.com.br";"28415736720";"";"04";"01";"200/30/4019/2016";"29-abr-2016 00:00:00";"";"29-abr-2017 00:00:00";"1";"22";"03";"33";"330330";"09/09/2016";"DECAU";"";"";"";"";"";"";"";"";"";"4000";"N";"";"S";"";"";"M";"21/09/2016";"016";"001";""
"3304559031758";"9031758";"";"3";"1";"AML SERVICOS MEDICOS LTDA";"AML";"AV BRUXELAS";"134";"SALA 505";"BONSUCESSO";"21041000";"";"";"";"";"21 - 999850756";"";"nisaaml@yahoo.com.br";"";"40187288000170";"04";"03";"09970090772018";"20-mar-2018 00:00:00";"2 ";"20-mar-2020 00:00:00";"1";"22";"03";"33";"330455";"24/03/2018";"IRIAN";"";"";"";"";"";"";"";"";"";"2240";"N";"";"S";"";"";"M";"01/08/2016";"016";"001";""
"4106909071261";"9071261";"";"3";"1";"CLINICA DE CIRURGIA PLASTICA DR SANDRO BEIRA EIRELI";"CLINICA DE CIRURGIA PLASTICA DR SANDRO BEIRA";"AV DO BATEL";"1920";"LOJA A";"BATEL";"80420090";"02";"";"07";"";"41 33429992";"";"contato@clinicasandrobeira.com.br";"";"05816892000117";"04";"03";"04434/2015";"02-set-2015 00:00:00";"2 ";"02-set-2017 00:00:00";"1";"36";"04";"41";"410690";"24/07/2019";"LIBECKER";"56720246968";"12951";"";"";"";"-25.4440618";"-49.2912602";"24/07/2019";"LIBECKER";"2313";"N";"";"S";"";"";"M";"21/09/2016";"016";"001";"N"
"5102679008217";"9008217";"24950495000188";"3";"3";"UNIDADE MOVEL TERRESTRE";"UTI MOVEL";"AVENIDA VINICIUS DE MORAES";"254";"";"JARDIM CAMPO VERDE";"78840000";"";"";"";"";"(66)3419-2288";"";"";"";"";"04";"01";"";"";"";"";"";"42";"05";"51";"510267";"03/09/2019";"CAMPO";"01250176000";"";"";"";"";"-15.551172376388154";"-55.16334056854248";"01/02/2018";"CAMPO";"1244";"S";"";"S";"";"";"M";"23/07/2016";"018";"002";""
"3541409028153";"9028153";"";"3";"1";"VIVA COM SAUDE CLINICA MEDICA E CONSULTORIA LTDA EPP";"VIVA COM SAUDE CLINICA MEDICA E CONSULTORIA";"RUA ALEXANDRE TECCHIO NETTO";"25";"";"JARDIM CAMPO BELO";"19060460";"216";"";"";"";"(18) 3908-4433";"";"siqueira.padilha@me.com";"";"24634355000109";"04";"03";"354140616.863.002236.1.1";"13-jun-2016 00:00:00";"2 ";"";"";"22";"03";"35";"354140";"25/01/2019";"PAULO";"16452915886";"101401";"";"";"";"-22.122597875173092";"-51.41546845436096";"29/03/2018";"PAULO";"2062";"N";"";"S";"";"";"M";"25/07/2016";"016";"001";""
"4301009033467";"9033467";"";"3";"1";"G FIEDLER SERVICOS MEDICOS EIRELI ME";"CLINICA GUSTAVO FIEDLER";"JULIO DE CASTILHOS";"315";"";"CENTRO";"95940000";"16";"";"";"";"51 37486833";"";"vanessa@sccontabilidaders.com.br";"";"22259149000122";"04";"03";"74820";"28-jul-2019 00:00:00";"2 ";"28-jul-2020 00:00:00";"1";"22";"05";"43";"430100";"21/08/2019";"ROBERTA";"82391556004";"32532";"";"";"";"-29.401";"-51.945";"09/04/2018";"ROBERTA";"2305";"N";"";"S";"";"";"M";"01/08/2016";"016";"001";""
"4314909011617";"9011617";"";"3";"1";"WHITE ODONTOLOGIA";"CALVETE ODONTOLOGIA LTDA ME";"AVENIDA CRISTOVAO COLOMBO";"394";"";"FLORESTA";"90560000";"";"";"";"";"35176919";"";"whiteodontologiapoa@gmail.com";"";"23660539000172";"04";"01";"10399";"11-mar-2016 00:00:00";"2 ";"11-mar-2017 00:00:00";"1";"36";"03";"43";"431490";"04/12/2018";"CLEBER";"01226793002";"";"";"";"";"-30.015449458455887";"-51.210365295410156";"23/08/2018";"CLEBER";"2062";"N";"";"S";"";"";"M";"01/08/2016";"016";"001";""
"5008309005676";"9005676";"";"3";"1";"CLINICA MEDICA GAZI RIBEIRO S S LTDA";"GASTRODERM";"PARANAIBA";"1175";"";"JARDIM PRIMAVERIL";"79603090";"";"";"";"";"67 35214185";"";"";"";"22454432000105";"03";"01";"2428/10";"18-fev-2016 00:00:00";"2 ";"";"";"04";"04";"50";"500830";"05/07/2019";"SAUDE";"14590772884";"3215";"";"";"";"-20.751";"-51.678";"05/07/2019";"SAUDE";"2240";"N";"";"S";"";"";"M";"01/08/2016";"016";"001";""
"1100209039279";"9039279";"";"3";"1";"ENDOCLIN SERVICOS DE ENDOCRINOLOGIA LTDA ME";"ENDOCLIN";"RUA QUINTINO BOCAIUVA";"1898";"SALA 01";"SAO CRISTOVAO";"76804076";"";"";"";"";"69993450137 32100217";"";"ENDOCLINPVH@OUTLOOK.COM";"";"25114093000106";"04";"03";"08940";"09-nov-2016 00:00:00";"2 ";"09-nov-2017 00:00:00";"1";"22";"03";"11";"110020";"06/02/2019";"SEMUSA";"58017810210";"1749";"";"";"";"-8.762";"-63.904";"06/02/2019";"SEMUSA";"2240";"N";"";"S";"";"";"M";"08/08/2016";"016";"001";""
"1505539020497";"9020497";"";"3";"1";"C COR CLINICA DO CORACAO EIRELI";"C COR CLINICA DO CORACAO";"5";"239";"";"CIDADE NOVA";"68515000";"";"";"";"";"94 81227097";"";"authylemos@hotmail.com";"";"21867571000106";"04";"03";"337/2016";"08-abr-2016 00:00:00";"2 ";"31-dez-2016 00:00:00";"1";"22";"03";"15";"150553";"20/08/2019";"SEMSA";"82754802134";"9066";"";"";"";"-6.064272962837692";"-49.91107642650604";"20/08/2019";"SEMSA";"2305";"N";"";"S";"";"";"M";"08/08/2016";"016";"001";""
"2304409032223";"9032223";"";"1";"1";"JARBAS DE SA RORIZ FILHO";"JARBAS DE SA RORIZ FILHO";"RUA ISARAEL BEZERRA";"205";"";"ALDEOTA";"60135460";"";"";"0002";"";"85";"";"";"72303239320";"";"04";"03";"P746150";"19-mai-2017 00:00:00";"2 ";"";"";"22";"04";"23";"230440";"23/09/2019";"FGALDINO";"72303239320";"";"";"";"";"-3.748142";"-38.500172";"";"";"4000";"N";"";"S";"";"";"M";"08/08/2016";"016";"001";"N"
"2507509026126";"9026126";"";"1";"1";"CONSULTORIKALYNA LIGIA AMORIM MACEDO";"CONSULTORIO ODONTOLOGICO DRA KALYNA LIGIA AMORIM MACEDO";"AVENIDA PRESIDENTE EPITACIO PESSOA";"753";"SALA 209";"DOS ESTADOS";"58030000";"";"";"";"";"";"";"";"47391090425";"";"04";"03";"07558 S";"13-jul-2016 00:00:00";"2 ";"13-jul-2017 00:00:00";"1";"22";"03";"25";"250750";"02/08/2016";"TIAGO";"";"";"";"";"";"";"";"";"";"4000";"N";"";"S";"";"";"M";"08/08/2016";"016";"001";""
"2612509037322";"9037322";"10091569000163";"3";"3";"PREFEITURA MUNICIPAL DE SANTA CRUZ DO CAPIBARIBE";"NUCLEO INTEGRADO DE SAUDE E ACAO SOCIAL JACANA";"RUA MANOEL MESTRE DA SILVA";"05";"";"JACANA";"55192000";"4";"";"";"";"";"";"SMSSANTACRUZ@HOTMAIL.COM.BR";"";"";"04";"03";"";"";"";"";"";"01";"03";"26";"261250";"04/09/2019";"SAUDE";"03065753456";"";"";"";"";"-7.958475106956293";"-36.20019793510437";"04/09/2019";"SAUDE";"1244";"N";"";"N";"";"";"M";"08/08/2016";"018";"002";""
"2927409030158";"9030158";"13927801000572";"3";"3";"SECRETARIA MUNICIPAL DE SAUDE DE SALVADOR";"UPA 24H PIRAJA SANTO INACIO";"RUA DIRETA DE SANTO INACIO";"S/N";"JARDIM SANTO INACIO";"SANTO INACIO";"41231010";"001";"";"0009";"";"(71)39010010";"";"gerenciaupapiraja@gmail.com/enfapiraja@igh.org.br";"";"";"04";"02";"96254";"23-abr-2018 00:00:00";"2 ";"23-abr-2019 00:00:00";"2";"73";"06";"29";"292740";"23/09/2019";"JAMILE";"80525253572";"";"";"";"";"-12.9316724";"-38.4638383";"28/08/2019";"JAMILE";"1244";"S";"";"S";"";"";"M";"08/08/2016";"008";"007";""
"3106209039171";"9039171";"";"1";"1";"FERNANDA CECILIA GONCALVES LANGKAMMER";"FERNANDA CECILIA GONCALVES LANGKAMMER";"RUA CURVELO";"32";"SALA 402";"FLORESTA";"31015172";"";"";"";"";"31996608866";"";"fernandacog@gmail.com";"06354636605";"";"04";"01";"20160001202";"20-jul-2016 00:00:00";"2 ";"20-jul-2017 00:00:00";"1";"22";"05";"31";"310620";"10/07/2019";"SMSAS";"06354636605";"";"";"";"";"-19.9134225";"-43.928989";"10/07/2019";"SMSAS";"4000";"N";"";"N";"";"";"M";"08/08/2016";"016";"001";""
"3302409019251";"9019251";"";"3";"1";"CENTRO DE ATENDIMENTO E RECURSOS HUMANOS LTDA EPP";"CENTRAR";"RUA MARECHAL DEODORO";"163";"SOBRADO";"CENTRO";"27910310";"";"";"";"";"(22) 99917-3512";"";"";"";"30419378000195";"04";"03";"158";"27-jul-2016 00:00:00";"2 ";"27-jul-2017 00:00:00";"1";"22";"02";"33";"330240";"06/02/2019";"SCNES";"61896063772";"6960";"";"";"";"-22.37345210626871";"-41.77928924560547";"15/05/2018";"SCNES";"2240";"N";"";"S";"";"";"M";"08/08/2016";"016";"001";""
"3509409035524";"9035524";"45227337000174";"3";"3";"MUNICIPIO DE CAJURU";"ESF CDHU CAJURU";"RUA CARLOS ANTONIO MONTI";"150";"";"CONJUNTO HABITACIONA";"14240000";"";"";"";"";"";"";"";"";"";"04";"03";"";"";"";"";"";"02";"03";"35";"350940";"03/07/2019";"ROBERTA";"08080220670";"";"";"";"";"-21.285790500606094";"-47.31117367744446";"27/08/2019";"ROBERTA";"1244";"N";"";"S";"";"";"M";"08/08/2016";"001";"012";""
"1508127681399";"7681399";"83334672000160";"3";"3";"PREFEITURA MUNICIPAL DE ULIANOPOLIS";"UNIDADE DE SAUDE DA FAMILIA DAVINOPOLIS";"RUA DOS GUARANIS";"880";"";"DAVINOPOLIS";"68632000";"5A";"";"";"";"";"";"smsuln@bol.com.br";"";"";"04";"03";"021/2018";"05-fev-2018 00:00:00";"2 ";"31-mar-2019 00:00:00";"1";"02";"03";"15";"150812";"21/08/2019";"ULIANOPOLIS";"02728668302";"375157";"";"";"";"-3.7338416";"-47.5074984";"21/08/2019";"ULIANOPOLIS";"1244";"N";"";"S";"";"";"M";"05/03/2015";"016";"001";""
"2914657660626";"7660626";"";"3";"1";"TARLANE SERAFIM VENDRAMINI ME";"PHYSICAL PILATES";"RUA TIRADENTES";"167";"";"CENTRO";"45848000";"08";"";"";"";"7332700305";"";"";"";"19688240000159";"04";"03";"99250";"13-jun-2014 00:00:00";"2 ";"31-dez-2014 00:00:00";"1";"22";"03";"29";"291465";"13/01/2016";"SAUDE";"";"";"";"";"";"-16.575";"-39.553";"04/05/2018";"SAUDE";"2135";"N";"";"S";"";"";"M";"05/03/2015";"016";"001";""
"3516207673698";"7673698";"";"1";"1";"BEATRIZ DE PAULA MARQUES";"BEATRIZ DE PAULA MARQUES";"JOSE PEDRO";"3791";"SALA 7";"PIRATININGA";"14403583";"208";"";"";"";"16991053034";"16981944008";"";"10225289636";"";"04";"01";"35162000486300167118";"";"2 ";"";"";"22";"03";"35";"351620";"20/02/2015";"JOSIANE";"";"";"";"";"";"";"";"";"";"4000";"";"";"S";"";"";"M";"05/03/2015";"016";"001";""
"2911707694814";"7694814";"";"3";"1";"CENTRO MEDICO ULTRA VIDA LTDA";"ULTRA VIDA";"PRACA MANOEL NOVAES";"210";"SALA 01";"CENTRO";"46430000";"030";"";"";"";"";"";"";"";"11044573000133";"04";"02";"612/2015";"09-mar-2015 00:00:00";"2 ";"09-mar-2016 00:00:00";"1";"36";"03";"29";"291170";"29/08/2019";"PAULO";"62340468515";"17219";"";"";"";"-14.223";"-42.781";"29/08/2019";"PAULO";"2062";"N";"";"S";"";"";"M";"26/03/2015";"016";"001";"N"
"3549907677030";"7677030";"";"3";"1";"MSC CLINICA DE FISIOTERAPIA E REABILITACAO EIRELI";"MSC CLINICA DE FISIOTERAPIA E REABILITACAO EIRELI";"RUA CORONEL JOSE DOMINGUES DE VASCONCELOS";"370";"SALA 8";"VILA ADYANA";"12243840";"0217";"";"";"";"01230188317";"";"";"";"20974599000171";"04";"03";"311549201490";"30-set-2014 00:00:00";"2 ";"30-set-2015 00:00:00";"1";"22";"03";"35";"354990";"26/02/2015";"SIMONE";"";"";"";"";"";"";"";"";"";"2305";"";"";"S";"";"";"M";"05/03/2015";"016";"001";""
"3305807667752";"7667752";"";"3";"1";"OSTEOTERESOPOLIS SERVICOS MEDICOS";"OSTEOTERESOPOLIS SERVICOS MEDICOS";"RUA JORACY CAMARGO";"210";"";"QUINTA DA BARRA";"25953000";"";"";"";"";"27436426";"";"jguarilha@uol.com.br";"";"11376638000148";"04";"03";"25702/14";"04-dez-2014 00:00:00";"2 ";"04-dez-2015 00:00:00";"2";"22";"03";"33";"330580";"27/02/2015";"PLANEJAMENTO";"";"";"";"06";"";"";"";"";"";"2232";"";"";"";"";"";"M";"10/03/2015";"";"";""
